Name,Place ID,City,State,Phone,Rating,Reviews
"A-1 Air Conditioning & Refrigeration",ChIJFzr3NhEp1IcR3yS54Q6-pjs,"Jonesboro",Arkansas,+1 870-931-5132,4.1,8
"Accuracy Heat & Air LLC",ChIJi1NzVIAH04cRWNbceOlVCVk,"Higginson",Arkansas,+1 501-230-3236,3.9,7
"Ace Heating & Air LLC",ChIJFeZpheR5fm0RiH8DKn-UAeY,"Fayetteville",Arkansas,+1 479-524-2211,5.0,22
"Adams Heat and Air LLC",ChIJbxgHOlbP1YcR3ycT8yqNuaw,"Trumann",Arkansas,+1 870-243-0482,4.6,9
"Adkins Refrigeration HVAC",ChIJx77pXPHUzocRxuAKp8mhcLE,"Eureka Springs",Arkansas,+1 479-253-9776,4.9,24
"Air Conditioning & Heating, Duct Cleaners",ChIJfxIfprZMyocREgOQdOwKyuU,"Fort Smith",Arkansas,,3.9,51
"Air Conditioning, Refrigeration & Heating Inc",ChIJGym055ZNyocRgpoWpnkFESs,"Fort Smith",Arkansas,,5.0,7
"Air Pro Heating & Cooling",ChIJpTbCswTMBAYRYn_4UTKJa-8,"Dardanelle",Arkansas,+1 479-495-5141,5.0,16
"Air Pro Services",ChIJWeBMY8dvNIYRjiOEC-V-YJU,"Texarkana",Arkansas,+1 870-279-3091,4.1,26
"A & J Heating & Air Conditioning",ChIJA9V8l1areIgRlhCHL1KdTBA,"Blytheville",Arkansas,+1 870-281-7034,2.5,13
"Alan Levart Heating & Air Conditioning",ChIJlYiz1ShSzYcRTFy3_B5_J0E,"Malvern",Arkansas,+1 501-779-1668,5.0,12
"Alexander's Heating & Cooling",ChIJZwUjJF8v1IcRa7WXEKCW9Xg,"Jonesboro",Arkansas,+1 870-351-1634,5.0,9
"All In One Services",ChIJjy8EKfM7X6cRjVVNorsmQT0,"Pocahontas",Arkansas,+1 870-810-7688,4.6,9
"AllWeather Climate Control",ChIJ9YNv6A5xMAUR6EFVdbU4Odc,"Jonesboro",Arkansas,+1 870-897-5123,5.0,6
"America First Air Conditioning and Heating, Inc.",ChIJgXKjQjm90ocRn1O7-TKb1i8,"North Little Rock",Arkansas,+1 501-271-3652,4.7,12
"America Heating and Cooling",ChIJxThuOFiD0ocRQ9HxAFBBZY8,"Conway",Arkansas,+1 501-288-5031,4.9,50
"Anderson's Heat & Air",ChIJKxVnjrL104cRVqItBfPb7lU,"Cash",Arkansas,+1 870-664-1967,4.7,7
"Andres Ramos Heating and Air",ChIJgQlpeRSo0ocR6WINZeCQPTk,"Little Rock",Arkansas,+1 501-352-6915,3.6,13
"Around the Clock Heating & Air",ChIJAQAAAMCw0ocRj2SVDISOcR0,"Little Rock",Arkansas,+1 501-612-8080,4.2,30
"AVS Heating & Air",ChIJ5xBiIaYv1IcRjBQ4d8PjiAk,"Jonesboro",Arkansas,+1 870-271-9936,4.4,7
"Benton's Heating and Air, Inc",ChIJH07uIjwZyYcRLrr_AmnCBoU,"Fayetteville",Arkansas,+1 479-925-8461,5.0,14
"B & G HEAT AND AIR",ChIJuUuHlpfj1YcRH-m4JumdOoQ,"Black Oak",Arkansas,+1 870-243-1016,4.6,9
"Booneville Heating & Air Conditioning",ChIJVzvxWeh3y4cR7I49w5MFLgM,"Booneville",Arkansas,+1 479-849-3311,3.5,11
"BUDGET HEAT AND AIR",ChIJo9HuUpVN0ocRZUzLlafA9iY,"Pangburn",Arkansas,+1 501-388-9488,4.8,27
"Butlerville Heating & Air",ChIJKUjWIAzj0ocR8Enz58K85hM,"Little Rock",Arkansas,+1 501-941-9738,4.8,6
"CFM Service Co. Heating & Cooling",ChIJafmhtriF0ocRzm_GYTgpb94,"Conway",Arkansas,+1 501-327-0590,4.4,32
"Clarks Heating & Air LLC",ChIJqwXrBYJtyYcRlalwYfimb6Y,"Fayetteville",Arkansas,+1 479-957-8012,4.5,11
"Clement Service LLC Heating & AC",ChIJa-FxKV87LYYRBhHf_kZLYEw,"Pine Bluff",Arkansas,+1 870-489-1959,4.4,7
"Climatek Hvac & Electrical",ChIJhadCae7F04cRba9Wv7-6I-k,"Batesville",Arkansas,+1 870-307-8581,5.0,6
"Crossroads Heating and Cooling, L.L.C.",ChIJZ_pbqDBZLYYRPfJtbUqEAbY,"Sheridan",Arkansas,+1 870-942-7218,3.7,6
"Custom Electric Inc",ChIJTVhUHUdWzIcRN-fqawcjq3s,"Dardanelle",Arkansas,+1 479-453-0692,4.5,23
"Danny Elmore Heating & Air",ChIJM978tZ_e0ocR8Pph2UdSyS0,"Lonoke",Arkansas,+1 501-676-2922,3.7,7
"Davidbrooks Plumbing and Heating and Air",ChIJ5yg0GGi_0ocRT1CqBMsN7n0,"North Little Rock",Arkansas,+1 501-744-5403,4.8,26
"Delk Air, Inc.",ChIJSz7aDVfU1IcRu4vDkSSpl-o,"West Helena",Arkansas,+1 870-821-3355,4.6,29
"Delta Mechanical Contractors",ChIJDXQWnCJ31YcRhs-fIwYO1vk,"West Memphis",Arkansas,+1 870-735-1588,2.7,7
"Dependable Air Conditioning",ChIJl_iAtF9UzIcRl-RI9vz1-HU,"Little Rock",Arkansas,+1 479-968-5555,3.7,13
"Dorsey's Heating & A/C",ChIJWbhXNBPkNIYR7RuY-eiDCYI,"De Queen",Arkansas,+1 870-279-2161,4.9,15
"Dotson's Heating, Air, Refrigeration & Electrical",ChIJdd7_ZFY8LYYRvRAgpjXBy6M,"Little Rock",Arkansas,+1 870-872-9300,2.0,9
"Doyle's Heating & Cooling LLC",ChIJYwVwSDttyYcRc5M_f1Fh520,"Fayetteville",Arkansas,+1 479-601-5075,4.6,10
"Drum's Custom Air",ChIJ5Q8co7yEp6sRwjZVw4Bq28Y,"Fifty-Six",Arkansas,+1 479-228-0921,5.0,13
"Eagles HVAC LLC",ChIJ8fPMXKkZyYcRLeobqcu84q8,"Pea Ridge",Arkansas,+1 479-631-2665,4.6,11
"Elite Mechanical Services, LLC",ChIJcw-uvDwONIYRBJ1DBm79TYE,"Fouke",Arkansas,+1 903-490-1844,5.0,29
"Ellis HVAC, LLC",ChIJkY0oGAa90ocRs3FY2dSecpY,"Jacksonville",Arkansas,+1 501-985-1791,4.6,157
"Flowers Heating & Air Conditioning, Inc.",ChIJ75oqnI-V0ocR_nMGujv4XZ4,"Jacksonville",Arkansas,+1 501-596-5029,4.9,39
"Goshorn Heating and Cooling",ChIJlfuEZumf0ocRWfU2UYjW-uc,"Maumelle",Arkansas,+1 501-351-4154,5.0,23
"Henry AC & Heating & Appliances",ChIJ3zH503fPM4YRp1i9WgGhLbg,"Magnolia",Arkansas,+1 870-562-3920,4.1,14
"Holsted Heat and Air Inc",ChIJv3hNcGbGy4cRK_PYDQMeBaI,"Mountainburg",Arkansas,+1 479-430-0834,3.6,7
"HRS HVAC & Refrigeration Service",ChIJw6kqH-ul0ocRr-XY3UAGEBc,"Little Rock",Arkansas,+1 501-613-4331,5.0,12
"Humes Heat & Air",ChIJs7NGrjmj1ocRvGJv7FxP08I,"Walnut Ridge",Arkansas,+1 870-679-1501,3.9,14
"Hunt Heat & Air Services LLC",ChIJ3Wc-4TjiskYRSwbdilNmOko,"Marshall",Arkansas,+1 501-757-1993,5.0,11
"HVAC Heating & Cooling",ChIJM2bPcSEs1IcRbXc3CO1ekOc,"Jonesboro",Arkansas,,4.6,65
"Integrity heating and air",ChIJsVtaru8qzYcRGkZ87pyAcQk,"Hot Springs",Arkansas,+1 501-282-3713,4.4,16
"Intek Heating + Air",ChIJy90DmVXi0ocRklWxGbnJAr0,"Ward",Arkansas,+1 501-394-9411,5.0,12
"Jeff's Heating & Cooling",ChIJ10KtX9k-zocR3LemNkD6Sy8,"Yellville",Arkansas,+1 870-404-4228,5.0,8
"Jennings Heating & Cooling",ChIJwUfgnChZ5o4R3EnVA6VbLP0,"Bald Knob",Arkansas,+1 501-230-4275,4.8,10
"Jet Heat And Air",ChIJr7UxoSIa1EoRpmb2j3Vnx3w,"Little Rock",Arkansas,+1 501-557-8518,4.8,112
"Jim's Heating & AC",ChIJz_IWez6Ky4cRaBj9e9Busog,"Altus",Arkansas,+1 479-213-0786,4.8,24
"J Mechanical Contractors llc",ChIJU5860MO5rgwRstQx9tGONjk,"Jonesboro",Arkansas,+1 870-275-0300,5.0,10
"Kent Heating & Air Services",ChIJeSwGOZzO1YcRmdZfguxsT44,"Trumann",Arkansas,+1 870-483-3247,4.8,13
"KRM Heating And Air",ChIJtRkwjVZbzYcRsQdyunOr2xI,"Benton",Arkansas,+1 501-909-0150,4.8,17
"Ladd Appliance & HVAC Repair",ChIJm8QO2FEwNIcRj32tJFAB7zI,"Little Rock",Arkansas,+1 501-249-9239,5.0,10
"Lafferty's Duct Clean Service Co",ChIJibGmM7DIM4YRh0N9j5M4WhE,"Magnolia",Arkansas,+1 870-234-3800,4.5,8
"Lee's Heating And Air Of Monticello LLC.",ChIJP4YNBG5TLIYRiCE_A7NrQT0,"Monticello",Arkansas,+1 870-723-6527,3.7,6
"Lions Den Air LLC",ChIJQaKntihk7oMRxFAdt_3JGGU,"Memphis",Arkansas,+1 662-469-7086,5.0,7
"Little Rock Heating and Air Conditioning",ChIJib548iOC0ocR9l2lMNnhR04,"Little Rock",Arkansas,,4.6,10
"Lockhart Service Co | HVAC Repair Service | AC Repair Company Little Rock AR",ChIJN4lnaMak0ocRFgn01AU8JxQ,"Little Rock",Arkansas,,4.8,11
"Lynn Heat & Air Co. Llc",ChIJgXKpir8y1IcRAPnrYI2TGxg,"Little Rock",Arkansas,+1 870-761-1860,5.0,6
"Manning's HVAC & Repairs, LLC",ChIJSchrH2F91YcR6mlleeGHamI,"Memphis",Arkansas,+1 901-500-3282,5.0,6
"MAX AIR HEATING AND AIR",ChIJWVyUs0BRzYcRE78fLcy0osQ,"Little Rock",Arkansas,+1 501-529-9830,2.7,38
"McDougal Air Repair",ChIJwX5lO72iyYcRc8oENl_DRu4,"Siloam Springs",Arkansas,+1 479-599-8209,5.0,8
"Middlebrooks Heat, Air & Refrigeration",ChIJFaXmFROFy4cRbamqr_safpk,"Ratcliff",Arkansas,+1 479-518-1304,4.9,27
"Mid-South Heat & Air",ChIJB-SmCwN91ocRDZkEqljH12c,"Paragould",Arkansas,+1 870-450-0777,4.9,45
"Mills Heat and Air NWA",ChIJXSmXAVXg_4IR6XVzj4QyQhI,"Fayetteville",Arkansas,+1 479-412-0591,5.0,7
"Mohawk Heating and Air Conditioning",ChIJZbt7b3k71ocRXSOQNvd6ws0,"Piggott",Arkansas,+1 870-598-4700,4.5,15
"Murphree Heating & Air LLC",ChIJg7EtOgHlrWsRH9v_49x6Odw,"Smackover",Arkansas,+1 870-315-4192,5.0,6
"Neely Mechanical Services of NWA",ChIJ_XULpn1vyYcRj4bl9J4kBog,"Fayetteville",Arkansas,+1 417-560-0203,4.0,8
"Palmer HVAC",ChIJIwatyaZsyYcRC4RlWSA7hGs,"Fayetteville",Arkansas,+1 479-200-5421,3.6,20
"Platinum Contracting",ChIJQZYm9B_l0ocRl7on6XttNMI,"Little Rock",Arkansas,+1 501-352-9652,4.9,34
"Red Hog Refrigeration Heat & Air",ChIJ1V_ku7LTMoYRezHtz_aKW4I,"Little Rock",Arkansas,+1 501-802-0454,5.0,12
"Redlich Refrigeration & Appliance",ChIJq6qqqtam0ocRQi39XiVOYbo,"Little Rock",Arkansas,+1 501-223-5764,4.0,8
"Red River Heating & Air LLC",ChIJdVefwzuDM4YRLZbNTsd99IA,"Hope",Arkansas,+1 870-777-8666,4.7,19
"Reid's Air Maintenance",ChIJp6vqJOPq0ocRmLdwYes4ng0,"Little Rock",Arkansas,+1 501-982-5772,5.0,6
"Sisney HVACR",ChIJR11zVLb1y4cRzqGpKUwvI3A,"Ozark",Arkansas,+1 479-209-7483,3.0,12
"Smooth Runninâ€™ Heat & Air",ChIJF66ylsWrzYcRqbNOqAuAauo,"Pottsville",Arkansas,+1 479-264-4462,5.0,16
"Temp Pro HVAC",ChIJE-aOsb3104cRdh5cKoM5KVs,"Newport",Arkansas,+1 501-827-3213,5.0,29
"Unlimited Heating and Air LLC",ChIJ0zm6r88aY6oRZ5f9eEDV4G8,"Springdale",Arkansas,+1 479-325-9546,5.0,11
"Urban Mechanical",ChIJeWXMgyZqNIYRLDhq63xdSqM,"Texarkana",Arkansas,+1 870-774-0080,4.9,39
"Valdez Heating and Cooling, LLC",ChIJT9JsWAUUyYcRS6NViH-Gm-A,"Lowell",Arkansas,+1 479-372-3455,4.7,13
"WAR service Co.",ChIJLw3lGdRkX0gRkqkndwhgauk,"Stamps",Arkansas,+1 870-953-1050,5.0,10
"Weaver's Total Comfort Heating & Air",ChIJC11RPCy9LkkRWW8WQ3MAXJ0,"Wynne",Arkansas,+1 870-362-0823,5.0,17
"Wells Heating & Air",ChIJr8--6aUvy4cRQ8LDexnsnyo,"Mena",Arkansas,+1 479-394-1945,4.9,15
"Westbrook Heating And Cooling LLC",ChIJob7fFS8QhUMR0S_h2hHsyKc,"Little Rock",Arkansas,+1 479-352-1894,5.0,7
"Whittiker Ac & Heating LLC",ChIJlRpvlgWLnGkRjeNCNu1ZkG0,"Ward",Arkansas,+1 888-446-0867,5.0,76
"Williams Heat and Air Services",ChIJt6u12Y1RzYcRq7RKoyxis8A,"Benton",Arkansas,+1 501-732-0180,5.0,8
"Wright's Heating & Air Conditioning",ChIJV2PiCNIvy4cR--ofpIhNfAM,"Mena",Arkansas,+1 479-394-5894,5.0,57
"Your Heating & Air Guy",ChIJkwSFBdgcyYcRbwatawM9NBc,"Fayetteville",Arkansas,+1 479-876-8225,4.8,19
