Business Name,Place ID,Predicted Label,Logo URL
AIRZONE LLC,ChIJGTj3csMviYgR1bqIgtjFr9E,logo,https://lh5.googleusercontent.com/-ig3gp9boNas/AAAAAAAAAAI/AAAAAAAAAAA/ghxj-OIeoBI/s512/photo.jpg
Advanced Heating & Air Pros - Alexander City,ChIJRQOwXAsLjIgRt1BdLVkn2Vs,logo,https://lh5.googleusercontent.com/-jWlVU7XwqGs/AAAAAAAAAAI/AAAAAAAAAAA/EWaqbA7YpcA/s512/photo.jpg
Jackson's Refrigeration LLC,ChIJfZ28MZkLjIgRLGAgE4PXHBo,logo,https://lh5.googleusercontent.com/-tG5MMLTMEnA/AAAAAAAAAAI/AAAAAAAAAAA/n9BrPs8B8dg/s512/photo.jpg
Byrd's Heating & Cooling,ChIJS5GU6jWOiYgRuvpMtOAnsW0,logo,https://lh6.googleusercontent.com/-3sd1WxdrttY/AAAAAAAAAAI/AAAAAAAAAAA/raVfLLSHSws/s512/photo.jpg
Excel Electric Heating and Cooling,ChIJWe35VLdnigERkWFli6wucrU,logo,https://lh6.googleusercontent.com/-fG24x9JOPuU/AAAAAAAAAAI/AAAAAAAAAAA/Tru31rNuqRA/s512/photo.jpg
Worthey HVAC Services LLC,ChIJVRXPKxVZYogRdoD2LAbTYjo,logo,https://lh4.googleusercontent.com/--VrXMV1HTK0/AAAAAAAAAAI/AAAAAAAAAAA/_oanmuL_EDs/s512/photo.jpg
Moss Heating and Cooling LLC,ChIJg5Cd_QCAs6MRscetrSPCQQg,logo,https://lh6.googleusercontent.com/-cImfZnAd32Q/AAAAAAAAAAI/AAAAAAAAAAA/bqfLE1-TOTU/s512/photo.jpg
Chad's Climate Control Heating & Air,ChIJq_qF2371YogRhdWHBKNbFn0,logo,https://lh3.googleusercontent.com/-LDyS3vs6J1U/AAAAAAAAAAI/AAAAAAAAAAA/JNaUBXYR63o/s512/photo.jpg
Comfort Masters of North Alabama,ChIJtf-_J_NhYogRaWa9OI_tHv0,logo,https://lh5.googleusercontent.com/-7uF0thqlTYQ/AAAAAAAAAAI/AAAAAAAAAAA/x5gIbnn-0LY/s512/photo.jpg
Gatlin's Heating & Cooling Inc,ChIJn22ap0KLYogR-NR9C6rxNy0,logo,https://lh6.googleusercontent.com/-7Y5sx2ULlHA/AAAAAAAAAAI/AAAAAAAAAAA/MRbUsRLjnyo/s512/photo.jpg
North Alabama Heating and Cooling LLC,ChIJU4plAsJfYogR7CpwagVZ-20,logo,https://lh3.googleusercontent.com/-a69lCiN3HxQ/AAAAAAAAAAI/AAAAAAAAAAA/YlekFtr_jkw/s512/photo.jpg
"Pro Elite HVAC, LLC.",ChIJ8z3Z2CWNYogRGzEMmee6Fp0,logo,https://lh6.googleusercontent.com/-sbKcfC9OqSM/AAAAAAAAAAI/AAAAAAAAAAA/WQWdPfniztg/s512/photo.jpg
Coley Air Conditioning Inc,ChIJz6X0x7Z5kIgRIz-ZCzkNooo,logo,https://lh5.googleusercontent.com/-1KdoDBz22Z0/AAAAAAAAAAI/AAAAAAAAAAA/k-x2V-zms0o/s512/photo.jpg
Surfside Heating & Cooling,ChIJO8c1evd5kIgRED5cKwRxCFc,logo,https://lh3.googleusercontent.com/-o2qWCf4x9vE/AAAAAAAAAAI/AAAAAAAAAAA/Dn6WSDVpGSI/s512/photo.jpg
Wynn Creek AC,ChIJBfLBUYadmogRBGXnF1hCd8k,logo,https://lh5.googleusercontent.com/-AdfNxVN2ltM/AAAAAAAAAAI/AAAAAAAAAAA/6lzidcgCR2s/s512/photo.jpg
Economy Air Heating & AC,ChIJsZk_zTmTjIgRFztVrfLvkvU,logo,https://lh3.googleusercontent.com/-CSXEWf5Z6UY/AAAAAAAAAAI/AAAAAAAAAAA/W9Qekw9jXO4/s512/photo.jpg
Bobs Heating & Cooling Inc,ChIJO2df1GIphogRRqZn7MdiIXg,logo,https://lh3.googleusercontent.com/-paTGe_lAdxQ/AAAAAAAAAAI/AAAAAAAAAAA/W1b88xYHPS8/s512/photo.jpg
1st Class Comfort Heating & Air,ChIJPaxd5WHmiYgR80PPpgICYwQ,logo,https://lh5.googleusercontent.com/-fDw0fVyPRm8/AAAAAAAAAAI/AAAAAAAAAAA/0APGrS0uNBc/s512/photo.jpg
205 Heating & Cooling LLC,ChIJTU0k1AV3iYgR9JZ2DrDrZfk,logo,https://lh6.googleusercontent.com/-AmscpkMuQPA/AAAAAAAAAAI/AAAAAAAAAAA/Y7gEUaBA27Y/s512/photo.jpg
256 Heating and Cooling,ChIJjcbbc1rZiYgR7yx4BJ42LJU,logo,https://lh4.googleusercontent.com/-eOyjhB7hF4Y/AAAAAAAAAAI/AAAAAAAAAAA/R4fzypazj2Q/s512/photo.jpg
A Advantage Air Inc.,ChIJ_aTbqysbiYgRsVedWY4WP2w,logo,https://lh3.googleusercontent.com/-eMMLMkZ27ls/AAAAAAAAAAI/AAAAAAAAAAA/Jz6305RIm0w/s512/photo.jpg
A Better Way Heating & Cooling,ChIJnfWLNbR1YogRydTLczujn9E,logo,https://lh3.googleusercontent.com/-YMrAgc4_d3Y/AAAAAAAAAAI/AAAAAAAAAAA/M5KLsvcMetg/s512/photo.jpg
A&C Heating and Air LLC,ChIJLa5my0Wvi4gR8j3B74jtD-c,logo,https://lh3.googleusercontent.com/-rIgWKrZF9Ic/AAAAAAAAAAI/AAAAAAAAAAA/N8c-Q4gykPU/s512/photo.jpg
Affordable Comfort Cooling Systems & Plumbing,ChIJ5d8uXNSzZCcRoqCGxHh92aI,logo,https://lh6.googleusercontent.com/-fLT6c_FDOvo/AAAAAAAAAAI/AAAAAAAAAAA/dWGBXXf60eI/s512/photo.jpg
Air By Design,ChIJXfj--h0Y3IsRieFtgNCDagI,logo,https://lh5.googleusercontent.com/-CxjyEYPz2hw/AAAAAAAAAAI/AAAAAAAAAAA/9GvkkB42GMQ/s512/photo.jpg
"Air Dominance, LLC",ChIJX21k7u2YkqgRrPkterr_D7Q,logo,https://lh3.googleusercontent.com/-go0Pa5HP4fA/AAAAAAAAAAI/AAAAAAAAAAA/FdzJdUq3WG0/s512/photo.jpg
Air Medx,ChIJEVCorVrOjIgRg1LV3_ywrvI,logo,https://lh4.googleusercontent.com/-4UvjHtHOneY/AAAAAAAAAAI/AAAAAAAAAAA/0Ley-vkWZWk/s512/photo.jpg
Air Service Pros,ChIJ04J-E7cZiYgRNzlVcdyFLds,logo,https://lh3.googleusercontent.com/-0mpdZzfuLEQ/AAAAAAAAAAI/AAAAAAAAAAA/fzKeF1GxEdM/s512/photo.jpg
Air Tech Mechanical Contractors LLC,ChIJA-aC-G8biYgRwjHAiqz3Qrs,logo,https://lh5.googleusercontent.com/-jI8oibOv7nQ/AAAAAAAAAAI/AAAAAAAAAAA/QU3Vipux8tM/s512/photo.jpg
Airbender,ChIJrzbKC-0piYgRN7ZfYEOS8HU,logo,https://lh4.googleusercontent.com/-RzfSGGFIW4o/AAAAAAAAAAI/AAAAAAAAAAA/mW1GCedKH5g/s512/photo.jpg
Airloc,ChIJRbsKNEMZiYgRAekCQkTY8pk,logo,https://lh5.googleusercontent.com/-Zw7J9Q2Va7Y/AAAAAAAAAAI/AAAAAAAAAAA/OtbwhY0k5nQ/s512/photo.jpg
Alabama Professional Air,ChIJZ0xgbjeQJwARb1SHsjk203k,logo,https://lh6.googleusercontent.com/-wsbp-ilK4fw/AAAAAAAAAAI/AAAAAAAAAAA/yjzuJQiRnag/s512/photo.jpg
Allen Mechanical & HVAC LLC,ChIJcTUW2XfHjIgR9_epaiiRNk0,logo,https://lh6.googleusercontent.com/-8cNthefkkdE/AAAAAAAAAAI/AAAAAAAAAAA/3UlYqkLNfGg/s512/photo.jpg
Auburn Refrigeration,ChIJK0Ou6aX0uyYR9BQwioFugNk,logo,https://lh5.googleusercontent.com/-Y89bPhnBk6U/AAAAAAAAAAI/AAAAAAAAAAA/vQ3qIb4vnno/s512/photo.jpg
"B&K Comfort Services, LLC",ChIJ4-vUP2t4HSURJ5Ai_-wCQm4,logo,https://lh5.googleusercontent.com/-Y8O6et8BTBA/AAAAAAAAAAI/AAAAAAAAAAA/bdmVINFHxVQ/s512/photo.jpg
Bearden Mechanical Heating & Cooling,ChIJwbbxXvEOEQMRjjVdfDjoq3c,logo,https://lh6.googleusercontent.com/-i37yebl4pPU/AAAAAAAAAAI/AAAAAAAAAAA/Ay9C7S93qX0/s512/photo.jpg
Birmingham Heating and Air Services,ChIJ3w34-WwNiYgROu_4wNJVq9k,logo,https://lh3.googleusercontent.com/-kSs9dA_3zNY/AAAAAAAAAAI/AAAAAAAAAAA/cfS7IatvPHw/s512/photo.jpg
Blue Mechanical Air Conditioning & Heating,ChIJw7WPlC2liogRbMTSJ5Fx-wg,logo,https://lh6.googleusercontent.com/-vvNDyeodYMo/AAAAAAAAAAI/AAAAAAAAAAA/qsnTJY3cSUU/s512/photo.jpg
Blue Tick System Services LLC,ChIJBWdn2iStiYgRokTW-bfpYwk,logo,https://lh6.googleusercontent.com/-TxYUYXmAiGQ/AAAAAAAAAAI/AAAAAAAAAAA/Ne8cgtVgjzI/s512/photo.jpg
Bright Electric LLC,ChIJr6gUyjUuYC4RCK4wXFnXVhI,logo,https://lh4.googleusercontent.com/-9aS7rjtGHu8/AAAAAAAAAAI/AAAAAAAAAAA/J-NjfQzsyd0/s512/photo.jpg
Brothers Heating and Cooling LLC,ChIJT3fI2otpYogR_2rFaB0dXCo,logo,https://lh5.googleusercontent.com/-lM8Tq4gKFGE/AAAAAAAAAAI/AAAAAAAAAAA/McFgzCa9Iso/s512/photo.jpg
Calderas Heating And Air LLC,ChIJTTaaAKwOXCsROTaJJlhssd8,logo,https://lh6.googleusercontent.com/-0uoRDKXxa74/AAAAAAAAAAI/AAAAAAAAAAA/hiMnHZyPJcs/s512/photo.jpg
Campbell Air Conditioning,ChIJJ_l2mnmviYgRoSZEukFYTbc,logo,https://lh6.googleusercontent.com/-tLmKXUN-hN0/AAAAAAAAAAI/AAAAAAAAAAA/vCmzvZLXgr0/s512/photo.jpg
Casper Heating and Cooling,ChIJwzVreMhhgCkRf_aD4ureIVo,logo,https://lh5.googleusercontent.com/-WXqSY0xB0ho/AAAAAAAAAAI/AAAAAAAAAAA/WSJoJeCupS4/s512/photo.jpg
Cavalry Climate,ChIJ2_x53hvaS4cR5t3aKqOSmq0,logo,https://lh5.googleusercontent.com/-WOnZZR_lPrA/AAAAAAAAAAI/AAAAAAAAAAA/dO4Dh_sE1zk/s512/photo.jpg
Channell Comfort Cooling & Heating LLC,ChIJRbdhQXB1jIgR9LgI9hoTIjE,logo,https://lh5.googleusercontent.com/-o-WbrzkF9K8/AAAAAAAAAAI/AAAAAAAAAAA/1wti_lm7LMw/s512/photo.jpg
Childers Heating & Cooling,ChIJ82WYbmsmiYgR7o63JJKJA6A,logo,https://lh3.googleusercontent.com/-KSnYGVxjpaI/AAAAAAAAAAI/AAAAAAAAAAA/XhLyMTL8M3s/s512/photo.jpg
Climate Heating & Cooling,ChIJA3peGvfJiYgRZt1w6G2sFnA,logo,https://lh3.googleusercontent.com/-IROws34zU-M/AAAAAAAAAAI/AAAAAAAAAAA/g8gwurcPrYs/s512/photo.jpg
Comfort A/C,ChIJtYumnnVFiogRngKJ5_HZVVA,logo,https://lh5.googleusercontent.com/-6LCZe23dMSA/AAAAAAAAAAI/AAAAAAAAAAA/1KKOH9c-IkE/s512/photo.jpg
Controlled Climate Solutions,ChIJcVIp3IKDYogRdXt-khACzjU,logo,https://lh6.googleusercontent.com/-f1h79bOVWGI/AAAAAAAAAAI/AAAAAAAAAAA/n0ZGRipNLr8/s512/photo.jpg
Dawson True Heating & Cooling LLC.,ChIJJZvOcbEPiYgR-bL5SbWegW0,logo,https://lh5.googleusercontent.com/-9WCN48cT6FI/AAAAAAAAAAI/AAAAAAAAAAA/gqoVqU5OkjU/s512/photo.jpg
Day One Service,ChIJGRPpDeBK8osRSUpaV2ermog,logo,https://lh6.googleusercontent.com/-HhnM_UHO9Uw/AAAAAAAAAAI/AAAAAAAAAAA/Hw8d5tzSDrg/s512/photo.jpg
Dependable Air,ChIJlxxiBUktAGwRqkIu_GniJuw,logo,https://lh6.googleusercontent.com/-Xcz81ePOZnQ/AAAAAAAAAAI/AAAAAAAAAAA/WL_AdzdBr-g/s512/photo.jpg
Dickerson Services,ChIJOWnz4F_3iYgRiX9Rg_lOyYE,logo,https://lh3.googleusercontent.com/-GF95XlwAtqM/AAAAAAAAAAI/AAAAAAAAAAA/9Gt5gInzSKM/s512/photo.jpg
Dkmd Hvac & Maintenance LLC,ChIJd9lrrBNB-iQRFbu3dIRfCjc,logo,https://lh5.googleusercontent.com/-Z_q3rf8nGRU/AAAAAAAAAAI/AAAAAAAAAAA/bs2WFtFZdYI/s512/photo.jpg
Dye Service HVAC,ChIJy0lrkNrBiYgRV9UytEey_9k,logo,https://lh4.googleusercontent.com/-I0fJpL48jJc/AAAAAAAAAAI/AAAAAAAAAAA/4Cm9TubVXQk/s512/photo.jpg
Elevation Heating and Air,ChIJkcVN0pl2vUIRevchthJ6xzk,logo,https://lh4.googleusercontent.com/-Dxin2Bt2bi4/AAAAAAAAAAI/AAAAAAAAAAA/fzUwd5PGyQk/s512/photo.jpg
Engle Services Heating & Air - Electrical - Plumbing,ChIJW11tDBkHGiARCQj7lOdbnFE,logo,https://lh3.googleusercontent.com/-NrndNaGKDCo/AAAAAAAAAAI/AAAAAAAAAAA/nJMK6Z_wE2o/s512/photo.jpg
Engle Services Heating & Air - Electrical - Plumbing,ChIJw7inV56Ki4gRPy5YyAHRWKs,logo,https://lh5.googleusercontent.com/-M-dXNg-duXA/AAAAAAAAAAI/AAAAAAAAAAA/ToOKYcGdoPU/s512/photo.jpg
"Envirotech HVAC/R , Inc.",ChIJ2d2_cuI4YogRHxIOGdLBEJo,logo,https://lh4.googleusercontent.com/-l9XtQ0LwdPI/AAAAAAAAAAI/AAAAAAAAAAA/t8bqOivf9SY/s512/photo.jpg
Essential Heating and Cooling LLC,ChIJ00dUmJbaOI8RdiPpr4Faoz0,logo,https://lh6.googleusercontent.com/-8YVWz9Op6wM/AAAAAAAAAAI/AAAAAAAAAAA/2iiwroQg12Y/s512/photo.jpg
First Class Services LLC,ChIJ3dkETPmpiYgRM3v-G5d3YtQ,logo,https://lh6.googleusercontent.com/-taA8fOr6l_c/AAAAAAAAAAI/AAAAAAAAAAA/oZiRH6QiOdI/s512/photo.jpg
Fresh Air HVAC,ChIJKe7sC3nniIgRb2k6wH3Y-hA,logo,https://lh4.googleusercontent.com/-RuwD9ir0TSE/AAAAAAAAAAI/AAAAAAAAAAA/vmtaFNXKuMI/s512/photo.jpg
Gattrell Heating & Cooling,ChIJW4Hs6YgxoksRwk_s82bweDE,logo,https://lh5.googleusercontent.com/-XwmI-emULFM/AAAAAAAAAAI/AAAAAAAAAAA/FJZPDrYosDk/s512/photo.jpg
"Greg Boddie Heating & Air, LLC",ChIJYyrwKFi8jIgRIcX93LQBQhM,logo,https://lh5.googleusercontent.com/-edAaULzM_lY/AAAAAAAAAAI/AAAAAAAAAAA/eNcj-LFF75Q/s512/photo.jpg
Haley's AC and Heating LLC,ChIJ2Vsv42z8_msRA_eRYMu_rFM,logo,https://lh5.googleusercontent.com/-U88uxB1X9qA/AAAAAAAAAAI/AAAAAAAAAAA/jOsNlJHFhdU/s512/photo.jpg
Hardin Heating & Cooling LLC,ChIJu7vG1648YmcR_zel_P2fHBM,logo,https://lh4.googleusercontent.com/-tO9bL6bbCQQ/AAAAAAAAAAI/AAAAAAAAAAA/hP0cipqjslo/s512/photo.jpg
Henderson Heating and Air LLC,ChIJl3WemK4niYgRK1DQuwB7zh0,logo,https://lh6.googleusercontent.com/-O1cO1NaTOEE/AAAAAAAAAAI/AAAAAAAAAAA/QFYeg0lgWII/s512/photo.jpg
Hill Heating and Cooling,ChIJpZJL30MBJK0RhS-6AOLsq08,logo,https://lh5.googleusercontent.com/-KkeVzPbaUM0/AAAAAAAAAAI/AAAAAAAAAAA/2QJR4NePGP8/s512/photo.jpg
"Holland Air Services, LLC",ChIJhTQaVv_h6GUR5bnRlJpZPcs,logo,https://lh4.googleusercontent.com/-Liq0eOa7uRc/AAAAAAAAAAI/AAAAAAAAAAA/B1YYxfS1pus/s512/photo.jpg
HomeTown HVACR,ChIJBRcih_9SCAAR85uNhBaDUDM,logo,https://lh4.googleusercontent.com/-18R-d8s7enY/AAAAAAAAAAI/AAAAAAAAAAA/OW5K-xE61Hc/s512/photo.jpg
HouseBee Heating and Cooling,ChIJAYWWjC3GwIERGMN0UQma9Go,logo,https://lh6.googleusercontent.com/-CV_KQ6vpvis/AAAAAAAAAAI/AAAAAAAAAAA/wZeEESkaV04/s512/photo.jpg
"Iron City Heating and Air, Inc",ChIJRwxMAOQjiYgR5hKOVwYi_FA,logo,https://lh4.googleusercontent.com/-GkBxSEC8ox0/AAAAAAAAAAI/AAAAAAAAAAA/m0lzNnIKj14/s512/photo.jpg
J & J HVAC Services,ChIJ7xaihLXi7wcRUHCmFIOVwfw,logo,https://lh5.googleusercontent.com/-g9SwH9O-1l4/AAAAAAAAAAI/AAAAAAAAAAA/IBVim0Ltomo/s512/photo.jpg
"J-MAC HVAC, LLC",ChIJW2BWhsDUKEsRsSqcbJbVI34,logo,https://lh5.googleusercontent.com/-jWBKR5O4jlc/AAAAAAAAAAI/AAAAAAAAAAA/O2tESLjIw1c/s512/photo.jpg
JCAC Heating and Cooling,ChIJf3p3YzMTAAsRODHmBfG-Cpw,logo,https://lh3.googleusercontent.com/-26haE7SB3zU/AAAAAAAAAAI/AAAAAAAAAAA/VtxqEgOiBYU/s512/photo.jpg
Knight's Heating & Cooling,ChIJAX_94Fw5iogR7Yd1fJyg-IQ,logo,https://lh5.googleusercontent.com/-DMKQClz1a4E/AAAAAAAAAAI/AAAAAAAAAAA/wfnmJQsqQ-M/s512/photo.jpg
"Lewis Heating, Air Conditioning, & Refrigeration",ChIJ_2ieiM4OdqIR8dar8nJxSCA,logo,https://lh3.googleusercontent.com/-OqrBa94BJiE/AAAAAAAAAAI/AAAAAAAAAAA/ZBg0FZiNFwo/s512/photo.jpg
MPE Services,ChIJcSBCRjZYfYgRoOlRab6Hx5I,logo,https://lh3.googleusercontent.com/-nn__9Z1dm50/AAAAAAAAAAI/AAAAAAAAAAA/yBzYu1s4FW0/s512/photo.jpg
Matt's Heating and Cooling LLC,ChIJWZlEaveViYgRqISjnNVmvNw,logo,https://lh4.googleusercontent.com/-5pmx2zZZwK4/AAAAAAAAAAI/AAAAAAAAAAA/rp4fMFZCkg8/s512/photo.jpg
Mike's Heating & Cooling (Mikes Service),ChIJVxNav6HmiYgRPlbN2cpXTxM,logo,https://lh6.googleusercontent.com/-h8ahtA7jWlo/AAAAAAAAAAI/AAAAAAAAAAA/0DdRVKdjJHU/s512/photo.jpg
One Team Heating and Cooling LLC.,ChIJR0-6ZRFWQ2YR2t5jmJCjKCM,logo,https://lh3.googleusercontent.com/-hmGr9dXByjo/AAAAAAAAAAI/AAAAAAAAAAA/vuOmX4LCmzo/s512/photo.jpg
P & W Heating and Cooling,ChIJARmeAkG1jIgRgqK_BUDlNh0,logo,https://lh5.googleusercontent.com/-zV5oBVd4Qro/AAAAAAAAAAI/AAAAAAAAAAA/FnGdOZ4CrXs/s512/photo.jpg
Plus One Heating and Air,ChIJ3y-tznQfiYgRGpT8PthQgOQ,logo,https://lh5.googleusercontent.com/-tpD9OTZ6Oqc/AAAAAAAAAAI/AAAAAAAAAAA/ljdX-D861UQ/s512/photo.jpg
Powell Comfort Systems,ChIJeVqiIkb5iIgRsO0PMlyLpeI,logo,https://lh4.googleusercontent.com/-MiKqXTaS73g/AAAAAAAAAAI/AAAAAAAAAAA/oobpSc0gxA0/s512/photo.jpg
Prattville Heating & Air,ChIJh7TsR4mPjogR85qVHpHf33U,logo,https://lh4.googleusercontent.com/-Z-hNw9toDhQ/AAAAAAAAAAI/AAAAAAAAAAA/LnQKaExziTU/s512/photo.jpg
"Prestige Comfort Services, LLC",ChIJS0LdQwQ9jIgRmWNAtx6OEjU,logo,https://lh3.googleusercontent.com/-cumW9mDs8_4/AAAAAAAAAAI/AAAAAAAAAAA/pRi4GqQN7HI/s512/photo.jpg
R & J Heating and Air Conditioning,ChIJTzzEC9NtiogR2wyP3qbbYKo,logo,https://lh4.googleusercontent.com/-m3w_NYs0QIA/AAAAAAAAAAI/AAAAAAAAAAA/uFcrgnzahpY/s512/photo.jpg
R&M Heating and Cooling,ChIJT3BuUFw7YogRC9dFmCTQtuo,logo,https://lh5.googleusercontent.com/-0OjnGuqqMUs/AAAAAAAAAAI/AAAAAAAAAAA/OYDgTqBibuE/s512/photo.jpg
Red Wolf Heating & Air,ChIJgckf_-xQOqsRB3jLDgqQr6s,logo,https://lh5.googleusercontent.com/-59uzEER2Bh4/AAAAAAAAAAI/AAAAAAAAAAA/1W6WYm2i2EI/s512/photo.jpg
Riley Services Heating & Cooling LLC,ChIJ_b3z10sNiYgRc2GEMGlqR2o,logo,https://lh3.googleusercontent.com/-G061P1hMc-A/AAAAAAAAAAI/AAAAAAAAAAA/x2-qW1cky0M/s512/photo.jpg
SLUSMEYER SERVICE COMPANY LLC,ChIJS6o759BHiogROCUf82mMQSQ,logo,https://lh4.googleusercontent.com/-ARDHsbMM5hg/AAAAAAAAAAI/AAAAAAAAAAA/Y5zXN1EXKr0/s512/photo.jpg
Setpoint Heating and Cooling,ChIJPznf38tzyA8R7RJuYvjzwp8,logo,https://lh3.googleusercontent.com/-Km4nivkIF_A/AAAAAAAAAAI/AAAAAAAAAAA/nGO1kpESjrg/s512/photo.jpg
"Seymour's Heating & Air, LLC",ChIJd_S-92m7jIgRC9eNmoAV_oc,logo,https://lh5.googleusercontent.com/-XDYUCpBQrAg/AAAAAAAAAAI/AAAAAAAAAAA/zWpZqaptp9Q/s512/photo.jpg
Singleton's General Heating and Air,ChIJrzDq9z8jjIgRDnu2ypJdn-0,logo,https://lh4.googleusercontent.com/-GLWR_F74W4g/AAAAAAAAAAI/AAAAAAAAAAA/SQrNrXYV4Zs/s512/photo.jpg
"Southern Comfort Heating and Air, LLC",ChIJARkCv4RWi4gRd7j3lx_KOcc,logo,https://lh3.googleusercontent.com/-gsZA8ccosmA/AAAAAAAAAAI/AAAAAAAAAAA/LoPtW2sC3Xs/s512/photo.jpg
Sullivan Service Co,ChIJjxF6uewbiYgRMhAs2rqN9us,logo,https://lh4.googleusercontent.com/-URVPPHOLXQg/AAAAAAAAAAI/AAAAAAAAAAA/iYvtfedqMSY/s512/photo.jpg
Summit Service Heating and Air,ChIJaQnZmCHgnkMRJGO-VhwNAnw,logo,https://lh3.googleusercontent.com/-IqFJLxvmALs/AAAAAAAAAAI/AAAAAAAAAAA/sJqJ95Ce654/s512/photo.jpg
Superior Comfort Heating and Cooling LLC,ChIJvxZShB0pyEQRwaBvS8foVY8,logo,https://lh4.googleusercontent.com/-OU9WL_b0kus/AAAAAAAAAAI/AAAAAAAAAAA/EVXXNp3in6E/s512/photo.jpg
TemperaturePro,ChIJ51cRKMUZiYgRxbmPvxYufm8,logo,https://lh5.googleusercontent.com/-pA4G0PGsRKA/AAAAAAAAAAI/AAAAAAAAAAA/pBOyQOKzAsw/s512/photo.jpg
Tennessee Valley Air Conditioning & Mechanical,ChIJoZ6sgp1lsC8RWYj9FHv0Sms,logo,https://lh3.googleusercontent.com/-1cJ0LRmpe64/AAAAAAAAAAI/AAAAAAAAAAA/_02lZHdsFNU/s512/photo.jpg
Tiger Mechanical Service,ChIJPxxB0gLBjogRsd5Pyg0WbtA,logo,https://lh6.googleusercontent.com/-u1Bz5vvoPr8/AAAAAAAAAAI/AAAAAAAAAAA/eRZ4kN2JnwI/s512/photo.jpg
Trane Supply,ChIJ9b1YqqsfiYgRpWSTJwLDI1Y,logo,https://lh6.googleusercontent.com/-O2f7_5D9ujU/AAAAAAAAAAI/AAAAAAAAAAA/W-TDS19EGYk/s512/photo.jpg
Valley Services HVAC & Electric,ChIJt3dp7Xo3YogRKM6NLPCkNvM,logo,https://lh3.googleusercontent.com/-EBQlOQffqAA/AAAAAAAAAAI/AAAAAAAAAAA/lF_Y6d2wevA/s512/photo.jpg
Wingman Heating + Cooling,ChIJLcxNX8TyJYARLw9B_JTbDrU,logo,https://lh5.googleusercontent.com/-QfS0EBOm7j0/AAAAAAAAAAI/AAAAAAAAAAA/vs-t4rQWvqA/s512/photo.jpg
Worley's Heating Cooling & Gas LLC,ChIJ5arFZZIPYogRExa8KJriHfU,logo,https://lh6.googleusercontent.com/-NcfV5KPfR9I/AAAAAAAAAAI/AAAAAAAAAAA/8Jy7U856UQA/s512/photo.jpg
Jackson Heating & Cooling,ChIJ_9KkcsGXiYgRxhZrdXBhtRU,logo,https://lh5.googleusercontent.com/-fq7fLluhG4Q/AAAAAAAAAAI/AAAAAAAAAAA/E-P-lL3Ipa4/s512/photo.jpg
Burns and Davis Heating & Cooling,ChIJ7zM3gF0QiogRs6cZEkRIlLY,logo,https://lh3.googleusercontent.com/-kmxlWtSLKuc/AAAAAAAAAAI/AAAAAAAAAAA/zu-hs6Y3jss/s512/photo.jpg
Ultimate Heating and Air Conditioning,ChIJk9DNUnYPYogRGmIDlxHZCRI,logo,https://lh5.googleusercontent.com/--ivKqONA8y4/AAAAAAAAAAI/AAAAAAAAAAA/k1Lh3E1vbzo/s512/photo.jpg
MaconAire,ChIJj3Gm7_5tJ0YRdeY-2A53XBk,logo,https://lh5.googleusercontent.com/-YjAx3cfvHvs/AAAAAAAAAAI/AAAAAAAAAAA/wy9luqspEjQ/s512/photo.jpg
Superior Heating and Cooling,ChIJq7WmjE0xj4gRIcaD5d1zVUg,logo,https://lh5.googleusercontent.com/-uTr0l2fLGDE/AAAAAAAAAAI/AAAAAAAAAAA/ZZcVAqtYxpQ/s512/photo.jpg
"Skelton's Heating, Cooling & Plumbing",ChIJUao3UcFbiYgRZq8ZNLqF4_Q,logo,https://lh4.googleusercontent.com/-HBd266Tk4DQ/AAAAAAAAAAI/AAAAAAAAAAA/jb-qCMSs-uQ/s512/photo.jpg
"Bedgood Heating & Air Conditioning, Inc.",ChIJG-rIwr8cm4gR21D29JvgJnw,logo,https://lh5.googleusercontent.com/-CHM6gLYuUG8/AAAAAAAAAAI/AAAAAAAAAAA/S2wcUQxO8S4/s512/photo.jpg
Hollon Heating & Air Conditioning,ChIJbwgj2IbGjogR_5yvihwSqOc,logo,https://lh5.googleusercontent.com/-WdReEGfFsyw/AAAAAAAAAAI/AAAAAAAAAAA/S-HqujzXkno/s512/photo.jpg
"Knight & Day HVAC Services, LLC",ChIJAyn_Q2tp54gREW3_Mfx_7m8,logo,https://lh4.googleusercontent.com/-wGJRe9Cj1e4/AAAAAAAAAAI/AAAAAAAAAAA/ORt9bgWxRls/s512/photo.jpg
A Rescue Plumber | Plumbers Cullman Al,ChIJpe_O1GDLiYgR7cKcOrlgzOg,logo,https://lh4.googleusercontent.com/-L7p5xPlyQ8M/AAAAAAAAAAI/AAAAAAAAAAA/CT6whWxRt6s/s512/photo.jpg
B&M Mechanical,ChIJzbZdC7lKiIgR4SQiYkvCKMg,logo,https://lh5.googleusercontent.com/-WIkja5Z_TAU/AAAAAAAAAAI/AAAAAAAAAAA/JjHuTgQIIzU/s512/photo.jpg
"Bama Air Systems Mechanical Contractors, Inc",ChIJmw82FHzKiYgRqR1Aw60V5vY,logo,https://lh5.googleusercontent.com/-TycegWSbbkw/AAAAAAAAAAI/AAAAAAAAAAA/gW-Z3MwowWo/s512/photo.jpg
"Cullman Supply, LLC",ChIJIaXOeczNiYgRnyDQaFjkD5M,logo,https://lh6.googleusercontent.com/-ktN0t265opg/AAAAAAAAAAI/AAAAAAAAAAA/0cOk4FNfpgs/s512/photo.jpg
High Caliber Mechanical,ChIJ8fbnbDY3iIgR3QhOkcwG4cg,logo,https://lh4.googleusercontent.com/-VW79X1pQlCQ/AAAAAAAAAAI/AAAAAAAAAAA/bFTwgIHoJN0/s512/photo.jpg
Plus One Heating and Air,ChIJNXfgM5XNiYgR5KllmJuZMsk,logo,https://lh3.googleusercontent.com/-oqjQP7mhaKM/AAAAAAAAAAI/AAAAAAAAAAA/6kWiGtFnEZ4/s512/photo.jpg
Pro Refrigeration & Cooling,ChIJlZye3KjPiYgRDtYeyXMdHpo,logo,https://lh3.googleusercontent.com/-6YsG9W1Pyyk/AAAAAAAAAAI/AAAAAAAAAAA/GG8k-GeAiCo/s512/photo.jpg
Sears Heating & Cooling LLC,ChIJ8fRBVfPPiYgRe_4Udmrvw4E,logo,https://lh5.googleusercontent.com/-UkgXlTGlKx8/AAAAAAAAAAI/AAAAAAAAAAA/sY6NOGEsq6M/s512/photo.jpg
Veterans Cooling and Heating,ChIJm-1qyFQwmE8R7EaZa3neZHY,logo,https://lh5.googleusercontent.com/-hyDrpEw07IU/AAAAAAAAAAI/AAAAAAAAAAA/1BA4S2e_zFY/s512/photo.jpg
"Greg Boddie Heating & Air, LLC",ChIJU1x5D9q9jIgReWH48xGrTvo,logo,https://lh5.googleusercontent.com/-No4jOObm52k/AAAAAAAAAAI/AAAAAAAAAAA/GuTLIyNbotY/s512/photo.jpg
Chad's AC Direct,ChIJo3cMtoNpjIgRwfwWGt4MtjE,logo,https://lh6.googleusercontent.com/-ktmzbZUoPGc/AAAAAAAAAAI/AAAAAAAAAAA/zzvXTNfDmAY/s512/photo.jpg
JNB services LLC,ChIJq9DsyK9mkogRFHGYbBjzj30,logo,https://lh5.googleusercontent.com/-fMWhwM1_t5w/AAAAAAAAAAI/AAAAAAAAAAA/Em4YgFfNQXU/s512/photo.jpg
5 Starr Heating and Air,ChIJeQQrtFSsOm0RT88JtqOB2eM,logo,https://lh4.googleusercontent.com/-BakSTgy1kS0/AAAAAAAAAAI/AAAAAAAAAAA/BrO2m6xC0o4/s512/photo.jpg
Hembree Heating & Air Conditioning,ChIJBYtWT2YVmogRhRsT_kqjUv4,logo,https://lh3.googleusercontent.com/-4V_vYgJktok/AAAAAAAAAAI/AAAAAAAAAAA/JgOGLn3LeXU/s512/photo.jpg
Kool Koncepts Heating & Air,ChIJ2SivwOqbjogRNttwjO6xHWw,logo,https://lh5.googleusercontent.com/-2xxzhlQbBw8/AAAAAAAAAAI/AAAAAAAAAAA/_xD0kuISieE/s512/photo.jpg
"Williams Heating And Cooling, LLC",ChIJh7aiijh-YogRDRYvqOkwkpw,logo,https://lh6.googleusercontent.com/-gSAb4DrhPSQ/AAAAAAAAAAI/AAAAAAAAAAA/56IY91J8ojk/s512/photo.jpg
Wehby Heating and Cooling,ChIJVyN4PeX4iIgRAyiUmZe4gVQ,logo,https://lh6.googleusercontent.com/-YS2dIJJH9bM/AAAAAAAAAAI/AAAAAAAAAAA/5L1usQ6WHCM/s512/photo.jpg
Air Conditioning Associates,ChIJv82WjmiTkogRFB6erULY_Mg,logo,https://lh3.googleusercontent.com/-6_sygmm-i4Q/AAAAAAAAAAI/AAAAAAAAAAA/NffP3E6eKlo/s512/photo.jpg
"Eco Heating and Cooling, LLC",ChIJ0_bIFgGOkogRhAzD__1dQBE,logo,https://lh5.googleusercontent.com/-oLwaRQXaxiw/AAAAAAAAAAI/AAAAAAAAAAA/RGTF-pXUr7k/s512/photo.jpg
Prime HVAC LLC,ChIJm9zgNR2NkogRS4e05NgW_wg,logo,https://lh4.googleusercontent.com/-oLO_i1oR2j8/AAAAAAAAAAI/AAAAAAAAAAA/cvDst3BOu7g/s512/photo.jpg
Steadman’s Heating And Air LLC,ChIJkVqfkbONkogRRuq-ZcQ7jR0,logo,https://lh3.googleusercontent.com/-yccfM71LEXI/AAAAAAAAAAI/AAAAAAAAAAA/JUdnrQMQnIw/s512/photo.jpg
AV Heating and Cooling LLC,ChIJValNc2WMOwUR83vh8Jry7sg,logo,https://lh3.googleusercontent.com/-ERWoFRTyRkc/AAAAAAAAAAI/AAAAAAAAAAA/VbFt1MksyLE/s512/photo.jpg
Central Alabama Air Care LLC,ChIJA2ZWlEY9jIgRWnsmIxHKk4c,logo,https://lh6.googleusercontent.com/-WE7zFpndxVE/AAAAAAAAAAI/AAAAAAAAAAA/UyjoThj0qo0/s512/photo.jpg
Mr. AC,ChIJD-5fYVeTjIgR3BbTpl-L2rY,logo,https://lh5.googleusercontent.com/-zbmzzxaowLo/AAAAAAAAAAI/AAAAAAAAAAA/TlNNKpLQiBQ/s512/photo.jpg
R & D Heating & Cooling,ChIJh2kzxWMTkogRYPYC3CKk89A,logo,https://lh6.googleusercontent.com/-te_NCxi1PuM/AAAAAAAAAAI/AAAAAAAAAAA/BzaDFxQb66M/s512/photo.jpg
"3:16 HVAC Services, LLC",ChIJf8MCn8z1YogRDuuIuWyorm0,logo,https://lh3.googleusercontent.com/-L96w0MUtErc/AAAAAAAAAAI/AAAAAAAAAAA/pW3gukb8TpQ/s512/photo.jpg
Flannagan Heat & Air LLC,ChIJLQ215a33YogRQtAAo1URrso,logo,https://lh6.googleusercontent.com/-JZFZqpKDI8s/AAAAAAAAAAI/AAAAAAAAAAA/6UbDMvAfMek/s512/photo.jpg
Quality HVAC Services LLC,ChIJkX_V5q33YogRCYxkK30jqQw,logo,https://lh5.googleusercontent.com/-mdzY7DUGit4/AAAAAAAAAAI/AAAAAAAAAAA/jvxr-LfTXi4/s512/photo.jpg
"Spidel Heating and Cooling, LLC",ChIJdR2diYeW3UYReP6xsycVQnU,logo,https://lh5.googleusercontent.com/-7Q86f3HM7Xo/AAAAAAAAAAI/AAAAAAAAAAA/bXqE-uW9njg/s512/photo.jpg
Miller Heating & Cooling,ChIJN_yMxhBpjYgR3YhuEhhcBbo,logo,https://lh4.googleusercontent.com/-dc2hugvOz_A/AAAAAAAAAAI/AAAAAAAAAAA/m_y9OTlO_n8/s512/photo.jpg
Alabama Refrigeration Heating & Cooling,ChIJD01V2ZQtkIgRn0YgKABD1rU,logo,https://lh6.googleusercontent.com/-OP_Gse8KtJ0/AAAAAAAAAAI/AAAAAAAAAAA/iYvlMrGJ5lI/s512/photo.jpg
A/C PROS,ChIJgZ1aEyQ_mogRhvjcf_ozw4U,logo,https://lh4.googleusercontent.com/-w-x0mh1FItk/AAAAAAAAAAI/AAAAAAAAAAA/YA9AG1A6NZ4/s512/photo.jpg
Atlas Heating & Air,ChIJrzEy2UhrmogRXG2cFzgHU6s,logo,https://lh6.googleusercontent.com/-_b2vL6Deixk/AAAAAAAAAAI/AAAAAAAAAAA/4MGb6Qs6NnM/s512/photo.jpg
Bishop Air Conditioning & Heating,ChIJo-f2HlM-mogR5av8Xcwpezo,logo,https://lh5.googleusercontent.com/-DEjY3NN8-Kk/AAAAAAAAAAI/AAAAAAAAAAA/0ggTOYNqd08/s512/photo.jpg
A-O'K Heating & Cooling,ChIJFYfRaYA3fYgRWRYo-PDycH8,logo,https://lh5.googleusercontent.com/-HwSkC8d9xAI/AAAAAAAAAAI/AAAAAAAAAAA/GMXBvnxF-GM/s512/photo.jpg
Burcham Valley Service Group,ChIJgRD2v4lBfYgRcuSfHR7Z92I,logo,https://lh5.googleusercontent.com/-kYPkY-rt1bo/AAAAAAAAAAI/AAAAAAAAAAA/nishY60MOx8/s512/photo.jpg
Langston Service Group,ChIJsSLC2e0VfYgRLbCkB8MpNDY,logo,https://lh4.googleusercontent.com/-h6i-3LmI4Pg/AAAAAAAAAAI/AAAAAAAAAAA/BCCxN-Rafwk/s512/photo.jpg
Thompson Service Company - Heating & Cooling,ChIJkQMi7ARIfYgRbVuLrA5cEwc,logo,https://lh4.googleusercontent.com/-m3iPhMr1yIg/AAAAAAAAAAI/AAAAAAAAAAA/dvXlBQpw61k/s512/photo.jpg
AirMax,ChIJ11Z78GwbmogRYWnB1kAozuU,logo,https://lh3.googleusercontent.com/-x9iR6zGqBks/AAAAAAAAAAI/AAAAAAAAAAA/trSrO2WdSIc/s512/photo.jpg
Mike Beech Heating and Air,ChIJi2Cb6CYFmogREV2yXr9KTR0,logo,https://lh4.googleusercontent.com/-5ITQjonpCuM/AAAAAAAAAAI/AAAAAAAAAAA/gaNf-7fljCw/s512/photo.jpg
PRIDE HVAC LLC,ChIJ_TUZrJsRmogRthcPFBWVhr0,logo,https://lh3.googleusercontent.com/-1JDHXAuqBQ4/AAAAAAAAAAI/AAAAAAAAAAA/48UHO3mQbEc/s512/photo.jpg
Shorefront Comfort Heating and Cooling,ChIJ10YpUasrHSYRFRZwi4ye9Oc,logo,https://lh4.googleusercontent.com/-6l2mlytlF2s/AAAAAAAAAAI/AAAAAAAAAAA/QnsYoBTigjc/s512/photo.jpg
Comfort Pros Heating and Cooling LLC,ChIJhUDKhZh1iogRzfswQccb8jY,logo,https://lh6.googleusercontent.com/-K2e_KqTSQBs/AAAAAAAAAAI/AAAAAAAAAAA/ZtD9R9hah74/s512/photo.jpg
Etowah Heating & Cooling,ChIJM4S4IYk4iogRZL2DGgT9IuM,logo,https://lh6.googleusercontent.com/-O316kIR8Aj8/AAAAAAAAAAI/AAAAAAAAAAA/e7UH5B5W14o/s512/photo.jpg
"The Comfort Doctor Heating, Air Conditioning, & Refrigeration",ChIJAayU7WXdtEwRxCCi1XZxwXI,logo,https://lh4.googleusercontent.com/-e_J2DWQIsH8/AAAAAAAAAAI/AAAAAAAAAAA/SA8gv_bYFNo/s512/photo.jpg
"Keith Duke AC, Heating & Appliance Repair",ChIJU4cx15svjogRa67lOlZ4CKQ,logo,https://lh6.googleusercontent.com/-HnMgJa_Owps/AAAAAAAAAAI/AAAAAAAAAAA/RZ89kuD7uO4/s512/photo.jpg
"Southern Heating & Cooling, LLC",ChIJOZOsOeIShogRzEDfK_JosY4,logo,https://lh5.googleusercontent.com/-OWYM28Nifck/AAAAAAAAAAI/AAAAAAAAAAA/RwXVURT0Aek/s512/photo.jpg
"All Comfort, LLC - Heating & Air",ChIJl-Cwjlt1jogReZoX6OXV3dQ,logo,https://lh4.googleusercontent.com/-t5ljKPK6R8Q/AAAAAAAAAAI/AAAAAAAAAAA/qKSNFiHHm5g/s512/photo.jpg
Clarke Air Company LLC,ChIJg9PlU01JhYgRV1aZ9phXuyc,logo,https://lh3.googleusercontent.com/-68jrg1F_O3E/AAAAAAAAAAI/AAAAAAAAAAA/9Cmh17_c45s/s512/photo.jpg
Bateman Heating & Air LLC,ChIJnQGtv4AmmogRF6deENCAlb8,logo,https://lh5.googleusercontent.com/-yTWrSsCvGFo/AAAAAAAAAAI/AAAAAAAAAAA/hTX_4kGM2FI/s512/photo.jpg
Coastal Alabama Cooling,ChIJJcCGbuYFmogRiVJX8cZCzpM,logo,https://lh4.googleusercontent.com/-9L0LcmkSs1w/AAAAAAAAAAI/AAAAAAAAAAA/v3YeVlD8fIU/s512/photo.jpg
Comfort Masters of North Alabama,ChIJZW2iBATizSwRL45gLnn9HJk,logo,https://lh5.googleusercontent.com/-YAR3LGFkNCA/AAAAAAAAAAI/AAAAAAAAAAA/fRwr3ZugM8s/s512/photo.jpg
Gulf Coast Cooling Company LLC.,ChIJlxKOctcEmogRZ7y_tLW0KQc,logo,https://lh6.googleusercontent.com/-zC31PFV00-U/AAAAAAAAAAI/AAAAAAAAAAA/KP05HIMC7dM/s512/photo.jpg
Pro HVAC,ChIJpTzaN0m_BaQRN6m3fg4JS7k,logo,https://lh6.googleusercontent.com/-feqJMLRtIkw/AAAAAAAAAAI/AAAAAAAAAAA/YSWA3dCg2yk/s512/photo.jpg
Wayne's Comfort Services. Inc,ChIJxXU6BAQbmogRymFNU-LVXPc,logo,https://lh5.googleusercontent.com/-48oFrDUGJwc/AAAAAAAAAAI/AAAAAAAAAAA/3ugvh_h_8dY/s512/photo.jpg
S & S Maintenance LLC Heating & Cooling,ChIJ_3oSbVn_YYgR_39nu4j3-ms,logo,https://lh4.googleusercontent.com/-t9gYVHomuLE/AAAAAAAAAAI/AAAAAAAAAAA/eyeAF89PkPM/s512/photo.jpg
Eagle Pro Heating - Cooling - Insulation Haleyville (formerly Winston Sheet Metal Heating & Air Conditioning),ChIJJ-70RVDjh4gRx7qLSfS80qQ,logo,https://lh4.googleusercontent.com/-WySV1rVWWsQ/AAAAAAAAAAI/AAAAAAAAAAA/DV5CiSKSkfE/s512/photo.jpg
"A, R & C Specialists",ChIJjYK7_DvKiYgRbk3CTK7CL-E,logo,https://lh6.googleusercontent.com/-B1YfHmhiam0/AAAAAAAAAAI/AAAAAAAAAAA/whISfrmybxg/s512/photo.jpg
Fuchs Heating and Air,ChIJzT0PFTQSamoRvfeeMEg3Vbo,logo,https://lh5.googleusercontent.com/-w4LCq3__ScQ/AAAAAAAAAAI/AAAAAAAAAAA/CtTNL57qSio/s512/photo.jpg
L&F Services LLC,ChIJS8LUGNm1iYgRqSZJs2mjvto,logo,https://lh3.googleusercontent.com/-zxdlmB5CgP0/AAAAAAAAAAI/AAAAAAAAAAA/kBbACiJjqf0/s512/photo.jpg
Essential Comfort LLC Heating and Cooling,ChIJz5xq1zKdYogRbc4C9iddPg4,logo,https://lh4.googleusercontent.com/-nHpoQhRyasQ/AAAAAAAAAAI/AAAAAAAAAAA/Y4eWqFn00C8/s512/photo.jpg
"M & V, LLC Heating and Cooling",ChIJn11PVpfViYgR-3yH8u5E2BQ,logo,https://lh5.googleusercontent.com/-ifNFSBRQZRw/AAAAAAAAAAI/AAAAAAAAAAA/T5pDp5U2qfc/s512/photo.jpg
McCutcheon Heating & Air,ChIJfS4YMUQqiIgRMJcdOJq8dqw,logo,https://lh4.googleusercontent.com/-9yNfACtXykg/AAAAAAAAAAI/AAAAAAAAAAA/rDBp2AQKnEg/s512/photo.jpg
"Fire & Ice HVAC Services, LLC",ChIJG6ouQaOZkogRQqHXV5lXTak,logo,https://lh3.googleusercontent.com/-MiyHqEAQp5o/AAAAAAAAAAI/AAAAAAAAAAA/NcSwowzFJpc/s512/photo.jpg
"Fire & Ice Heating & Air, LLC - Highland Home",ChIJk2bmcXULjogRig3VEGhlelg,logo,https://lh4.googleusercontent.com/-EN86n-sp4cI/AAAAAAAAAAI/AAAAAAAAAAA/jn7LScGUWNE/s512/photo.jpg
Central Air Solutions,ChIJse4o2lkhiYgRyRUeEpRCyVs,logo,https://lh3.googleusercontent.com/-6SWoC-Dds44/AAAAAAAAAAI/AAAAAAAAAAA/2gpl-9ZwSE8/s512/photo.jpg
Budget Heating And Cooling,ChIJZ0qYVZb2iYgR263xL-OXPes,logo,https://lh6.googleusercontent.com/-60o0LWzJzgw/AAAAAAAAAAI/AAAAAAAAAAA/9dDSO5K1xRI/s512/photo.jpg
Comfort Technology,ChIJUWco1vzmiIgRhur_n7PrivQ,logo,https://lh4.googleusercontent.com/-uAeNSiqyh7M/AAAAAAAAAAI/AAAAAAAAAAA/je2paDXsvz4/s512/photo.jpg
"Fire & Ice Heating & Air, LLC",ChIJ4ZmV2HPhiIgRTlLMPTzJD-I,logo,https://lh5.googleusercontent.com/-PJU-yySepQs/AAAAAAAAAAI/AAAAAAAAAAA/p1I4XA2yZoM/s512/photo.jpg
T Square Heating & Air,ChIJ3a8esxjhiIgRUN0A-nb9gZw,logo,https://lh4.googleusercontent.com/-2W1XOgj_ciQ/AAAAAAAAAAI/AAAAAAAAAAA/487bfjekU68/s512/photo.jpg
A Plus Comfort,ChIJbQX48eoSYogRv3qvBMOlwj0,logo,https://lh5.googleusercontent.com/-XW1LaPzs1P8/AAAAAAAAAAI/AAAAAAAAAAA/ObY7clE4iBM/s512/photo.jpg
Air Degree,ChIJ31bkpwkNYogRR_L3-e6x9M8,logo,https://lh6.googleusercontent.com/-Cw2UaTVQ_4g/AAAAAAAAAAI/AAAAAAAAAAA/hiurEGAFhpU/s512/photo.jpg
Alabama Air,ChIJe7PR-JwSYogR7nY6CVplFc8,logo,https://lh5.googleusercontent.com/-aTqdWwBztCo/AAAAAAAAAAI/AAAAAAAAAAA/mR4mcdmAFnY/s512/photo.jpg
Bunn's & Bennett Heating & Air Conditioning Company,ChIJCdME_IRsYogRan-cAfUsY-I,logo,https://lh4.googleusercontent.com/-xzM2DAbLdTE/AAAAAAAAAAI/AAAAAAAAAAA/FyX658K6Qnk/s512/photo.jpg
Elite Heating and Cooling LLC,ChIJuyc0_zcdiogREStZ3f-S6t0,logo,https://lh6.googleusercontent.com/-4zRWNem_lc8/AAAAAAAAAAI/AAAAAAAAAAA/_-5_srDBmaY/s512/photo.jpg
Home Services at The Home Depot,ChIJC3Gnp2lrYogRRoK_OzVKr-Y,logo,https://lh3.googleusercontent.com/-RWdLNuk3CWc/AAAAAAAAAAI/AAAAAAAAAAA/tbikb0QGPOA/s512/photo.jpg
"Hunter Heating & Air Conditioning, Inc.",ChIJ8XMcUYBpYogRCUeMVlY7z14,logo,https://lh6.googleusercontent.com/-94GDJdOMb1s/AAAAAAAAAAI/AAAAAAAAAAA/encQbNtRBjI/s512/photo.jpg
Mc Cormack Heating & Cooling,ChIJZxwd_YRsYogRAezDF992jNQ,logo,https://lh3.googleusercontent.com/-ElshRW3knEI/AAAAAAAAAAI/AAAAAAAAAAA/TZbTlcx3dFc/s512/photo.jpg
North Alabama Heating & A/C,ChIJK3OS-CYVYogRBWWjp31GqgA,logo,https://lh5.googleusercontent.com/-pskc-ZXIpyU/AAAAAAAAAAI/AAAAAAAAAAA/Cho01s5UQeg/s512/photo.jpg
Phillips Heating & Air,ChIJk8KXCgMXYogRxmvnkpY85gc,logo,https://lh3.googleusercontent.com/-aWB8z29SBdU/AAAAAAAAAAI/AAAAAAAAAAA/jKP6soP9A88/s512/photo.jpg
S & S Maintenance Heating & Cooling,ChIJhU7-J7pw-Y0RC-xh5R7eXWg,logo,https://lh6.googleusercontent.com/-AuyutsXOcDM/AAAAAAAAAAI/AAAAAAAAAAA/M04Ro6kA82M/s512/photo.jpg
TL Services,ChIJh3kXvnIRYogRBk6BjvPTkbs,logo,https://lh6.googleusercontent.com/-Vcj2nJHOCaE/AAAAAAAAAAI/AAAAAAAAAAA/jsLLfQ7tOo4/s512/photo.jpg
Talent Heating and Air Conditioning,ChIJf7BZVS5dYogRZFuofxhZX2s,logo,https://lh4.googleusercontent.com/-clBOe1ei5Fg/AAAAAAAAAAI/AAAAAAAAAAA/2qQXdNpJwc4/s512/photo.jpg
US HVAC Services,ChIJhXKnyuNpYogRo5L10pe8PxA,logo,https://lh5.googleusercontent.com/-SbfgBJHKkLU/AAAAAAAAAAI/AAAAAAAAAAA/mbAvn0boEso/s512/photo.jpg
"Total Living Comfort, LLC",ChIJ856chvnPm4gR6mq2a-j_R3g,logo,https://lh5.googleusercontent.com/-QMBCHLCBSLQ/AAAAAAAAAAI/AAAAAAAAAAA/Mcmn8C75CQA/s512/photo.jpg
Lollar Mechanical Services LLC Heating and AC Repair,ChIJnZKpQyVjiIgRR4QriNCCgQg,logo,https://lh3.googleusercontent.com/-bOROzGkPrEw/AAAAAAAAAAI/AAAAAAAAAAA/9R6d244sn8k/s512/photo.jpg
Mission HVAC,ChIJxVoyI3HvlaMR5nIRk1gw-Ug,logo,https://lh6.googleusercontent.com/-ab_s_5ks4n0/AAAAAAAAAAI/AAAAAAAAAAA/xIZjEwn-_Yo/s512/photo.jpg
Absolute Air,ChIJ3bRVVI9siYgR6VFeUTWowUY,logo,https://lh6.googleusercontent.com/-r-ZN8rQDqmg/AAAAAAAAAAI/AAAAAAAAAAA/R6o-qDeFqTE/s512/photo.jpg
Apex Heating and Cooling,ChIJ3b2rn-tliogR-adNthOt9do,logo,https://lh6.googleusercontent.com/-D6V2SzhkNos/AAAAAAAAAAI/AAAAAAAAAAA/SW2aH07lFKQ/s512/photo.jpg
Jenkins Heating & Air-conditioning,ChIJ18QRRQJliogR055zF6aOh7M,logo,https://lh4.googleusercontent.com/-FBzaJ7pobMM/AAAAAAAAAAI/AAAAAAAAAAA/dYuFkB_BzgY/s512/photo.jpg
Owens Comfort Solutions,ChIJZ1apreGzYogRZfFDPKRPO1Y,logo,https://lh5.googleusercontent.com/-qI0Cv7iDnYg/AAAAAAAAAAI/AAAAAAAAAAA/nzm6057JpUM/s512/photo.jpg
Marlowe Electric Heating & Air Conditioning,ChIJJ63g2bV1hYgRii-Sxygo0RU,logo,https://lh3.googleusercontent.com/-YV11qWieG4Q/AAAAAAAAAAI/AAAAAAAAAAA/GB0NS3Jng6c/s512/photo.jpg
Timeline Heating & Air Conditioning,ChIJ018IMtM3iIgRFy7G2VP1enw,logo,https://lh3.googleusercontent.com/-vp2_dfHhoZg/AAAAAAAAAAI/AAAAAAAAAAA/JvXyP1mEfKQ/s512/photo.jpg
Hansen Air Pros,ChIJ62e5AKxtmogRQ4RbeciUxsI,logo,https://lh6.googleusercontent.com/-iy0s_IEVvtU/AAAAAAAAAAI/AAAAAAAAAAA/cEYoaZlItDs/s512/photo.jpg
Kool Air Services,ChIJq_MJD96i92QRVI47EF7P6CM,logo,https://lh6.googleusercontent.com/-o7HBkwlqZi4/AAAAAAAAAAI/AAAAAAAAAAA/NrZ0oDHrryM/s512/photo.jpg
Flash Heating and Cooling LLC,ChIJX2r7P8oLjogR50z2X8zyah4,logo,https://lh5.googleusercontent.com/-RUR97tXeHwU/AAAAAAAAAAI/AAAAAAAAAAA/NQzFEiLBHYs/s512/photo.jpg
"One Source Heating, Cooling, Plumbing & Electrical",ChIJs1-mR4plYogRhHOh136eCkw,logo,https://lh5.googleusercontent.com/-ZXa92IndCJY/AAAAAAAAAAI/AAAAAAAAAAA/R7wsUnkQNNI/s512/photo.jpg
Precision Air,ChIJ_ePmPQDkiYgRafV_2nxtbF8,logo,https://lh4.googleusercontent.com/-iz2sdl2gQKQ/AAAAAAAAAAI/AAAAAAAAAAA/pZX_sKLFVoA/s512/photo.jpg
Residential Air LLC,ChIJH3pfB0tgYogRzspuaNlD1D0,logo,https://lh3.googleusercontent.com/-YnrPPn46MCg/AAAAAAAAAAI/AAAAAAAAAAA/FGHCWWDTy-g/s512/photo.jpg
US HVAC Services,ChIJZX5V_eBnYogRdosnQQoREf8,logo,https://lh6.googleusercontent.com/-vECti8a4ric/AAAAAAAAAAI/AAAAAAAAAAA/R3_LbF2pg-Q/s512/photo.jpg
Pro Services LLC,ChIJd_nnD3_DiIgReSMTgHC-q2Q,logo,https://lh5.googleusercontent.com/-NTCroSBuAos/AAAAAAAAAAI/AAAAAAAAAAA/oiTm-HruaMc/s512/photo.jpg
Cutter's Electrical Services LLC,ChIJT0JsQCWFjogRzNQ31ES20YA,logo,https://lh3.googleusercontent.com/-3luBioyKQTc/AAAAAAAAAAI/AAAAAAAAAAA/1nOuwTZ6xlk/s512/photo.jpg
"River Region Heating and Cooling, Inc.",ChIJvVIPPo6FjogR_Tci82ba_RY,logo,https://lh5.googleusercontent.com/-_c-fHpGmhfU/AAAAAAAAAAI/AAAAAAAAAAA/oWkhI6FQ3fM/s512/photo.jpg
Abundant Air Solutions LLC,ChIJ0Y5r2ldNmogR8wjTQOIzcSk,logo,https://lh4.googleusercontent.com/-BLvCt-TOIxA/AAAAAAAAAAI/AAAAAAAAAAA/MUDqyX0yGLk/s512/photo.jpg
Air Effexs Heating and Cooling,ChIJb1iOP02zi4gRTVFgq_OLk8Y,logo,https://lh3.googleusercontent.com/-qTZJ57UWWls/AAAAAAAAAAI/AAAAAAAAAAA/vvtU59WN2_s/s512/photo.jpg
Air Plus,ChIJHSxF7_e7m4gRW8BPJ17hm6M,logo,https://lh6.googleusercontent.com/-5U0RIomaVw8/AAAAAAAAAAI/AAAAAAAAAAA/yquGayaIuhU/s512/photo.jpg
Azalea City Heating & Air,ChIJ_____3NSmogR_sHzaAv9lYE,logo,https://lh5.googleusercontent.com/-uIasoMEss_4/AAAAAAAAAAI/AAAAAAAAAAA/DV14pqLd5AQ/s512/photo.jpg
Budget Heating & Air,ChIJo9oGIUXnBgQRugSStRJX2RA,logo,https://lh3.googleusercontent.com/-1KCXqQH1R2w/AAAAAAAAAAI/AAAAAAAAAAA/mXhRXLqUG6s/s512/photo.jpg
Captain Cool Cooling & Heating,ChIJ57raKvFNmogRxusPliXLIbg,logo,https://lh5.googleusercontent.com/-M47BCXoCOG8/AAAAAAAAAAI/AAAAAAAAAAA/FLGd-XEckE8/s512/photo.jpg
Coastal Repair Solutions,ChIJy2z4arW0zk0RQQAE8RfAqI8,logo,https://lh6.googleusercontent.com/-xsG-rmQ3qvM/AAAAAAAAAAI/AAAAAAAAAAA/E1mZxiL0PQw/s512/photo.jpg
Comfort Pros,ChIJ4_LOOOGzm4gRgtXFDWUoY70,logo,https://lh4.googleusercontent.com/-VOavDskE3hQ/AAAAAAAAAAI/AAAAAAAAAAA/h3DvSRrQCSc/s512/photo.jpg
Conklin Metal Industries - Mobile,ChIJ4fOjlldLmogRlP4KPR5AKVw,logo,https://lh5.googleusercontent.com/-NTts2KJZ9k8/AAAAAAAAAAI/AAAAAAAAAAA/1Qh1tqU282g/s512/photo.jpg
Creditable Heating and Air of Spanish Fort,ChIJAxZB2mua6yMRdtlQFFA38JM,logo,https://lh3.googleusercontent.com/-JPGExbGocrc/AAAAAAAAAAI/AAAAAAAAAAA/rjRCQqLtvtY/s512/photo.jpg
D-Cool Heating and Air LLC,ChIJyRIqkiC58KMRvoy93nXCS_0,logo,https://lh4.googleusercontent.com/-NwzpLgrcU7M/AAAAAAAAAAI/AAAAAAAAAAA/ZPRyXnIRTZs/s512/photo.jpg
Equip Heat & Air LLC,ChIJx7ZpcQYc_qkRt80uUxFOuJ8,logo,https://lh6.googleusercontent.com/-_4pbKPzgXVQ/AAAAAAAAAAI/AAAAAAAAAAA/tpjK_PkDtMA/s512/photo.jpg
"Gulf States Air, LLC",ChIJvUEpmFpNmogRRvc7FUy72oM,logo,https://lh5.googleusercontent.com/-s9b4J_ihyaQ/AAAAAAAAAAI/AAAAAAAAAAA/aJxeuRB_aPk/s512/photo.jpg
Hansen Air Pros,ChIJK1jUu9BNmogRObzF9BYexCw,logo,https://lh5.googleusercontent.com/-6QwO9r4vWBE/AAAAAAAAAAI/AAAAAAAAAAA/4mhldlDIbug/s512/photo.jpg
Hansen Air Pros,ChIJDxU2LqotmogR36rY6xOf4no,logo,https://lh6.googleusercontent.com/-o0joCTslpOg/AAAAAAAAAAI/AAAAAAAAAAA/rkBW9VOQYhA/s512/photo.jpg
Netherland Air Conditioning,ChIJRc99Eimvm4gR-XXcBzhjy_M,logo,https://lh6.googleusercontent.com/-QjqC4RvERZs/AAAAAAAAAAI/AAAAAAAAAAA/MHbilapqbu0/s512/photo.jpg
"Peaden Air Conditioning, Plumbing & Electrical",ChIJHd4pAgpPmogR3-A1FKqLsNY,logo,https://lh6.googleusercontent.com/-z5A5DutgEmM/AAAAAAAAAAI/AAAAAAAAAAA/oysXgLQ6T20/s512/photo.jpg
Pro Cooling and Heating Services LLC,ChIJyYkvtQBNmogRvlTD_G3XXS0,logo,https://lh6.googleusercontent.com/-ewI3uetRDfQ/AAAAAAAAAAI/AAAAAAAAAAA/AMvNn3ximxY/s512/photo.jpg
Reliable Heating And Air LLC,ChIJy71qGEO5m4gR8eOZtPBs3wY,logo,https://lh5.googleusercontent.com/-3jETK61CLKM/AAAAAAAAAAI/AAAAAAAAAAA/O4mwEDTYN70/s512/photo.jpg
Service Tec One Heating & Air,ChIJSSix16Gzm4gRO53Pzp-DKpY,logo,https://lh3.googleusercontent.com/-uoeT9nsBd7w/AAAAAAAAAAI/AAAAAAAAAAA/MjhZQzwNBtg/s512/photo.jpg
Spann & Sons AC and Heat,ChIJaZ-_ixdTmogRMyHp8yb306g,logo,https://lh5.googleusercontent.com/--NfOjPRXzKU/AAAAAAAAAAI/AAAAAAAAAAA/atoBfDnX4lo/s512/photo.jpg
Today Home Services,ChIJJ6-FOE6IPkwRp94E5X3ryxs,logo,https://lh6.googleusercontent.com/-90FKcYZaCIU/AAAAAAAAAAI/AAAAAAAAAAA/m6OBdgc9NLw/s512/photo.jpg
Alabama Heating & Air Contractors LLC,ChIJVVWBvUwpjIgRfjRAhRDpP9I,logo,https://lh5.googleusercontent.com/-DGqOkBSifBQ/AAAAAAAAAAI/AAAAAAAAAAA/cmCJMR7DWIA/s512/photo.jpg
Billy Don's Air,ChIJq6qqqlEfjIgRXQvEaTayVMY,logo,https://lh4.googleusercontent.com/-HKW-4AcmGeo/AAAAAAAAAAI/AAAAAAAAAAA/hyc7ulbh9us/s512/photo.jpg
Hometown Heating & Air,ChIJ_RtPA1TM0k8RqEeUMQJJ3ss,logo,https://lh4.googleusercontent.com/-EPQo1VB9E4c/AAAAAAAAAAI/AAAAAAAAAAA/7KErsaBmtns/s512/photo.jpg
Sears Heating and Air Conditioning,ChIJ1YDJxleBjogR5PKsY6-oj_U,logo,https://lh5.googleusercontent.com/-uB447jIDHv4/AAAAAAAAAAI/AAAAAAAAAAA/NXlKaBSqSqk/s512/photo.jpg
Talbot Heating and Cooling,ChIJb49xwYev_CgRaQZKAzychVE,logo,https://lh4.googleusercontent.com/-Cfr4CRSAZu8/AAAAAAAAAAI/AAAAAAAAAAA/tsdvKmV3WH0/s512/photo.jpg
"Simple Comfort Heating and Cooling, LLC",ChIJVVUBHItxiYgR1OKFWYzzJ_I,logo,https://lh4.googleusercontent.com/-DpHhKTywxtM/AAAAAAAAAAI/AAAAAAAAAAA/tMi0WtS8Wgs/s512/photo.jpg
AIR SERVICES LLC Al.Lic. 16070,ChIJo0U6ohUfiIgRAFiz-T6vrCc,logo,https://lh4.googleusercontent.com/-B31AaapSKvk/AAAAAAAAAAI/AAAAAAAAAAA/5LVpkQkhjHY/s512/photo.jpg
Warrior Heating and Cooling,ChIJeze6Pyj8hYgRTiFyjrY4lks,logo,https://lh3.googleusercontent.com/-XHX9Pb_1IwY/AAAAAAAAAAI/AAAAAAAAAAA/4WzDKkF_QCU/s512/photo.jpg
Wehby Plumbing Heating and Cooling,ChIJ3YphVib9iIgRUVFVeAcuJEE,logo,https://lh5.googleusercontent.com/-3O21K8hMFO4/AAAAAAAAAAI/AAAAAAAAAAA/r4kYfJwhUtg/s512/photo.jpg
Titan Heating & Air,ChIJ0bi27LZNfYgRL4V78bRGkBo,logo,https://lh3.googleusercontent.com/-rtm-GNv10nQ/AAAAAAAAAAI/AAAAAAAAAAA/Tn-UtEQWhII/s512/photo.jpg
Rocket City Air,ChIJ8Urf0xQcX0ER7SbCeNqQlWE,logo,https://lh4.googleusercontent.com/-eGnfBc36C7I/AAAAAAAAAAI/AAAAAAAAAAA/n0M2MuTmcEc/s512/photo.jpg
"AC Controls, LLC #17026",ChIJP4kFCtYXYogRDKZY2MBShtU,logo,https://lh4.googleusercontent.com/-IGllsLL_Eqc/AAAAAAAAAAI/AAAAAAAAAAA/7hhHkPKwEJY/s512/photo.jpg
Jimmerson Air Conditioning LLC,ChIJOThAPzdgkogRKcLgqO-KQv0,logo,https://lh4.googleusercontent.com/-1JjsfiLMx7E/AAAAAAAAAAI/AAAAAAAAAAA/o9jUZJBu-w0/s512/photo.jpg
AirPros,ChIJnbs9fS4dhogRemXqELmb0lM,logo,https://lh3.googleusercontent.com/-g8GMvT3tGXo/AAAAAAAAAAI/AAAAAAAAAAA/munQVbvXiXo/s512/photo.jpg
Spence Air Solutions,ChIJczkXlju5vkAR3y6cum3zF3U,logo,https://lh4.googleusercontent.com/-Kz_XIHZERL0/AAAAAAAAAAI/AAAAAAAAAAA/1aThXws-Y10/s512/photo.jpg
Comfy Cozy Heating & Air,ChIJp7OekWyRiYgRYnsn052off8,logo,https://lh5.googleusercontent.com/-6deeUjbd4bY/AAAAAAAAAAI/AAAAAAAAAAA/WZ3zPw9235M/s512/photo.jpg
Brown's Heating And Air LLC,ChIJVaLpl_Ip4U0RkB3vfYgCS10,logo,https://lh6.googleusercontent.com/-hDtDyuBl_E4/AAAAAAAAAAI/AAAAAAAAAAA/JqlM-zLlmJM/s512/photo.jpg
Farnell Mechanical Inc.,ChIJN1lOD1HtjIgR6qTyvLQJUlo,logo,https://lh5.googleusercontent.com/-cs60if62G2o/AAAAAAAAAAI/AAAAAAAAAAA/oJEqegV2b4k/s512/photo.jpg
K & W Heating & Air Conditioning,ChIJ_6L0eDrtjIgR5Tsw2_HQuWM,logo,https://lh4.googleusercontent.com/-kFVKU9e8DNg/AAAAAAAAAAI/AAAAAAAAAAA/uZmNSuAkJN8/s512/photo.jpg
Oasis Heating and Air LLC,ChIJFzdACKiTjIgR8b4ecQjgC5s,logo,https://lh5.googleusercontent.com/-CXL17LXB1PY/AAAAAAAAAAI/AAAAAAAAAAA/tD0u0qw0kng/s512/photo.jpg
S and S Airworks,ChIJW0xhBAzvjIgR5h3n004EvfE,logo,https://lh3.googleusercontent.com/-s1IQBAYYD-A/AAAAAAAAAAI/AAAAAAAAAAA/lJO9twXYU80/s512/photo.jpg
Strickland's Heating & Air,ChIJi_J8255gzG4RG3rMPEpgXh4,logo,https://lh4.googleusercontent.com/-eHQf38XomgM/AAAAAAAAAAI/AAAAAAAAAAA/qWRwe22Yb6s/s512/photo.jpg
1st Choice Heating and Cooling,ChIJsbJFNgAliYgR-WxSRTxR52M,logo,https://lh6.googleusercontent.com/-QQKtjLzduJk/AAAAAAAAAAI/AAAAAAAAAAA/NIPrqCzEQWQ/s512/photo.jpg
Optimist Heating and Cooling LLC,ChIJvddtckAii2YRyn1BsfpJbx8,logo,https://lh4.googleusercontent.com/-2wn76zjpy8g/AAAAAAAAAAI/AAAAAAAAAAA/iP20wX_n2SI/s512/photo.jpg
South Comfort Heating and Cooling LLC,ChIJwVMJY6EmiYgRf9AZzvF4S9A,logo,https://lh5.googleusercontent.com/-KED_d9btR6U/AAAAAAAAAAI/AAAAAAAAAAA/FQlMdTDuglM/s512/photo.jpg
Valley Heating and Air,ChIJm0Z8mGwkiYgRpEkGyCvF8Qc,logo,https://lh4.googleusercontent.com/-PH4kEvk-vDM/AAAAAAAAAAI/AAAAAAAAAAA/QRuZ5m2XlfQ/s512/photo.jpg
Gone Coastal Plumbing and Air,ChIJh_vr04SnkIgRBYlTY8aYW4I,logo,https://lh5.googleusercontent.com/-hD884lJdreQ/AAAAAAAAAAI/AAAAAAAAAAA/H3AmqVpcU6c/s512/photo.jpg
Archie's Heating & Cooling,ChIJj8S3u_fPjIgRErOyODFNpNA,logo,https://lh3.googleusercontent.com/-DfMeQcj93HY/AAAAAAAAAAI/AAAAAAAAAAA/TcGtqgcnYY8/s512/photo.jpg
"Martin Heating & Air Conditioning, LLC",ChIJm5T8nIDDjIgRTEX_dBoAsSE,logo,https://lh5.googleusercontent.com/-OMWE21Iu-XQ/AAAAAAAAAAI/AAAAAAAAAAA/RrYLDc_F6cA/s512/photo.jpg
Smith Mechanical Heating & Air,ChIJJfl9d4DdjIgR_Y2g2bf-X5w,logo,https://lh3.googleusercontent.com/-rQn9y2CrZNk/AAAAAAAAAAI/AAAAAAAAAAA/4xLlq2bepI0/s512/photo.jpg
"AirTight Heating & Cooling, LLC",ChIJ_5Eutwfi-AARKG7jhIGfQe4,logo,https://lh3.googleusercontent.com/-IOGK5oBf914/AAAAAAAAAAI/AAAAAAAAAAA/5jlOoNUfJuM/s512/photo.jpg
"DB Home Services, LLC",ChIJSTgpi2BfLmwRj4x_IIFCewo,logo,https://lh3.googleusercontent.com/-jYNpPnuLwfM/AAAAAAAAAAI/AAAAAAAAAAA/9v1vkfxY1ZQ/s512/photo.jpg
Good Air Heating and Cooling LLC,ChIJ_Zczy_x6BGkRc18aKj7iQQg,logo,https://lh5.googleusercontent.com/-M3K4GZbQI_Y/AAAAAAAAAAI/AAAAAAAAAAA/mAnBcVs6cVc/s512/photo.jpg
Mays Heating & Air Conditioning,ChIJSVH1IruPjogR6TOmOt7cPHs,logo,https://lh6.googleusercontent.com/-x6t5eWaJbtE/AAAAAAAAAAI/AAAAAAAAAAA/oiREzdosRcs/s512/photo.jpg
iCool Heating & Air,ChIJs4SDcNOPjogR_B2GbObCFwQ,logo,https://lh6.googleusercontent.com/-jz7kE0l4AyY/AAAAAAAAAAI/AAAAAAAAAAA/cFf3NZpBOcQ/s512/photo.jpg
All American HVAC Services,ChIJ-Y_6Vn8EB4ERWlkTyTlE8kE,logo,https://lh3.googleusercontent.com/-MjH_OEzYFWQ/AAAAAAAAAAI/AAAAAAAAAAA/2D7RRaFOycw/s512/photo.jpg
Sun Coast Energy,ChIJl8ZihqltmogRnnMWnL7oiLc,logo,https://lh3.googleusercontent.com/-awABa8lSGJo/AAAAAAAAAAI/AAAAAAAAAAA/b5zjCIJjgQ4/s512/photo.jpg
Affordable Service Heating and Air,ChIJwyaj5G9YfYgR19UfwGyulLE,logo,https://lh4.googleusercontent.com/-8tVRMCdzFlM/AAAAAAAAAAI/AAAAAAAAAAA/B8dDLEWHL4E/s512/photo.jpg
Brickley Plumbing & Electric,ChIJ3QvCeefuYYgRTCEoF7bidSk,logo,https://lh4.googleusercontent.com/-JtNqdYfHVNg/AAAAAAAAAAI/AAAAAAAAAAA/jxomlK76ZD0/s512/photo.jpg
Air Pro Heating & Air,ChIJU0QX0gsPj4gR8lScgYqCctU,logo,https://lh5.googleusercontent.com/-6C8Hbjj_XvU/AAAAAAAAAAI/AAAAAAAAAAA/LwYg90RCxNA/s512/photo.jpg
AirMedics Heating and Cooling,ChIJt2F527ytm4gRr7Mu0IQ7sWI,logo,https://lh6.googleusercontent.com/-auEnqlflBgw/AAAAAAAAAAI/AAAAAAAAAAA/2wxt4SUMWBU/s512/photo.jpg
Spivey's Heating & Air,ChIJ6QgAyKf2kogRjA7y2vD7A7k,logo,https://lh4.googleusercontent.com/-VNVWLtBZIJg/AAAAAAAAAAI/AAAAAAAAAAA/GrpaN0IARgw/s512/photo.jpg
Aim Heating & Cooling,ChIJzzYAVddcmogRTfVadzsaabQ,logo,https://lh4.googleusercontent.com/--iUxtgS8FR4/AAAAAAAAAAI/AAAAAAAAAAA/bL9SvkX8150/s512/photo.jpg
Laconsay Air & Heating LLC,ChIJM7o5hEZpmogRZSaJFxGYsU4,logo,https://lh5.googleusercontent.com/-iPIrYCSxj-k/AAAAAAAAAAI/AAAAAAAAAAA/sg6P5oNKX-Q/s512/photo.jpg
Mallard Air Heating & Cooling,ChIJ3WJ-rPdDmogRXCwolTo8pHI,logo,https://lh5.googleusercontent.com/-jbKax96GnrI/AAAAAAAAAAI/AAAAAAAAAAA/mHhiwo60Jg0/s512/photo.jpg
Air Right Heating and Air,ChIJ0Vp_oucTmogRu6unHqjLXfk,logo,https://lh5.googleusercontent.com/-XAo_FMDQsC8/AAAAAAAAAAI/AAAAAAAAAAA/Eo1s76pTsbM/s512/photo.jpg
"Bailey & Son’s Heating, Cooling, and Plumbing",ChIJRRF2LI5RiYgRfrX3sC7zn6Q,logo,https://lh3.googleusercontent.com/-48hu6bOLRi0/AAAAAAAAAAI/AAAAAAAAAAA/rV19jNQMHLI/s512/photo.jpg
Climate Crafters,ChIJJxsLi61ZiYgREsnaLgg2Ofk,logo,https://lh3.googleusercontent.com/-n15QN4Ilwd4/AAAAAAAAAAI/AAAAAAAAAAA/5tSte8oOgGY/s512/photo.jpg
Engle Services Heating & Air - Electrical - Plumbing,ChIJh8Ps_nHbi4gRtg1J8pks38E,logo,https://lh5.googleusercontent.com/-i0XifXY64Pw/AAAAAAAAAAI/AAAAAAAAAAA/okxdwleFoDM/s512/photo.jpg
Aire Serv of Wetumpka & Tallassee,ChIJGWlPsHk_jIgRCCwbPwS22i4,logo,https://lh6.googleusercontent.com/-D_oRY9aMllA/AAAAAAAAAAI/AAAAAAAAAAA/8M92UocB9OI/s512/photo.jpg
Chillax Comfort Heating & Air,ChIJHW7qixtxngIRZUAMvQ0Pvuo,logo,https://lh3.googleusercontent.com/-oIyPpEp6DVw/AAAAAAAAAAI/AAAAAAAAAAA/I_sQ-bC4Pl0/s512/photo.jpg
AirBear Heating and Cooling,ChIJKcwIN_5LmogR_vxVOA3bYno,logo,https://lh6.googleusercontent.com/-etvvaHmaucs/AAAAAAAAAAI/AAAAAAAAAAA/k8ZxT_MhK0s/s512/photo.jpg
Hansen Super Techs,ChIJ__-vugdLmogRqI_T1DmKQW4,logo,https://lh3.googleusercontent.com/-vKrMH4a5AiM/AAAAAAAAAAI/AAAAAAAAAAA/hgQzyR5YbMU/s512/photo.jpg
Kingdom Mechanical L.L.C.,ChIJvXI2C0bE_IsRYXgJvbsEYcg,logo,https://lh5.googleusercontent.com/-kFFlCGNVtJQ/AAAAAAAAAAI/AAAAAAAAAAA/1CrAIVPZDw4/s512/photo.jpg
"Southeastern Climate Control, LLC",ChIJz6VVHK1ziYgREhbk0h6VRIk,logo,https://lh3.googleusercontent.com/-Bkgr_33EVpY/AAAAAAAAAAI/AAAAAAAAAAA/bXI52DIZRXU/s512/photo.jpg
Hughes & Mullenix Heating & Air Conditioning,ChIJLb4da-MChogRZuJr9qCL_0Q,logo,https://lh5.googleusercontent.com/-_joN_4Z1gII/AAAAAAAAAAI/AAAAAAAAAAA/xDGz2qsCFlk/s512/photo.jpg
KDM Service Corporation,ChIJQwlPJW8ChogRmQTv0MCWhWc,logo,https://lh3.googleusercontent.com/-SBZRUwYyZwU/AAAAAAAAAAI/AAAAAAAAAAA/nebhg0oxtbk/s512/photo.jpg
McAbee,ChIJf1rZDXkDhogRTV6bWm60XFA,logo,https://lh5.googleusercontent.com/-zDDNpIk_66E/AAAAAAAAAAI/AAAAAAAAAAA/PxsbYS7pxAc/s512/photo.jpg
A.R. HEATING & AIR,ChIJj8NF49RRfYgRoEViY9jBm6Q,logo,https://lh3.googleusercontent.com/-sQiBZqBRqyk/AAAAAAAAAAI/AAAAAAAAAAA/5ngLFaATf78/s512/photo.jpg
Moores Heating and Air Inc,ChIJUy23gYxFfYgRgV0NMljmm70,logo,https://lh6.googleusercontent.com/-faEi4mZobwA/AAAAAAAAAAI/AAAAAAAAAAA/NuA2M_O9iWw/s512/photo.jpg
Hall's Heating and Cooling,ChIJhe8MQS8_jIgRjjcthoaBGFY,logo,https://lh3.googleusercontent.com/-HAMfPUENT58/AAAAAAAAAAI/AAAAAAAAAAA/Fkm4Z3Rl7w4/s512/photo.jpg
"Sub-Thermal Solutions, Heating & A/C",ChIJrQcF46TxBmURiq3Sk7IC2y4,logo,https://lh3.googleusercontent.com/-haCA0F4gQSw/AAAAAAAAAAI/AAAAAAAAAAA/aFy6CtDsy3U/s512/photo.jpg
Houston’s Heating and Cooling LLC,ChIJJQAqmx9biogRZvBSCrTvrhs,logo,https://lh5.googleusercontent.com/-aj9Lpm2Zf9A/AAAAAAAAAAI/AAAAAAAAAAA/yQcLhoHVu3A/s512/photo.jpg
Bibb Heating and Air LLC,ChIJ7zfKQfy1iIgRdBQHbR013nY,logo,https://lh4.googleusercontent.com/-yb1oKCo6RHs/AAAAAAAAAAI/AAAAAAAAAAA/8W8QuWpH5VU/s512/photo.jpg
Andy's Heating & Air LLC,ChIJ-a7IWeUmjIgR58dEBfqkHnE,logo,https://lh6.googleusercontent.com/-WWQX8Fj-f2Y/AAAAAAAAAAI/AAAAAAAAAAA/QEoywytZGFg/s512/photo.jpg
Engle Services Heating & Air - Electrical - Plumbing,ChIJs-fjOconjIgR2MofGgmDiT0,logo,https://lh4.googleusercontent.com/-KtDXVKjhpQQ/AAAAAAAAAAI/AAAAAAAAAAA/LSJ9Cn_E8Zw/s512/photo.jpg
Collins Heat & Air,ChIJu-lHcIxBiYgR4yu26l8iWzg,logo,https://lh6.googleusercontent.com/-y54DlpNCkJU/AAAAAAAAAAI/AAAAAAAAAAA/DHOYAxuINAk/s512/photo.jpg
Affordable Heating & Cooling,ChIJc2nQEfnOjIgRo9URajba-yg,logo,https://lh5.googleusercontent.com/-in0f-bz3_0A/AAAAAAAAAAI/AAAAAAAAAAA/n9Y2mJbF030/s512/photo.jpg
Air Techs LLC,ChIJMdJ9zLR1W0QRA6v1Dg_1gzY,logo,https://lh3.googleusercontent.com/-QPDQBkeLXYI/AAAAAAAAAAI/AAAAAAAAAAA/dpK3qx98060/s512/photo.jpg
AirWay Heating & Cooling,ChIJW6pOHFCMkogRKE8aTRqXj_0,logo,https://lh3.googleusercontent.com/-NPOS6JRxzg0/AAAAAAAAAAI/AAAAAAAAAAA/nTqu3g5tdug/s512/photo.jpg
Alabama Air,ChIJJaa4QTCnm4gRABsABNwbxcw,logo,https://lh5.googleusercontent.com/-c6NxLZSYdpo/AAAAAAAAAAI/AAAAAAAAAAA/ZBxQzFqd7e0/s512/photo.jpg
Alabama's Best Heating Air & Home Repair,ChIJsZtGSNYrjIgRJhHBgVyZlQg,logo,https://lh5.googleusercontent.com/-svu_zB94MoE/AAAAAAAAAAI/AAAAAAAAAAA/7X24YXWlC_s/s512/photo.jpg
"All Pro Heating, Air & Electrical, LLC",ChIJ--ycf6BHjIgRTqeQc2foxKI,logo,https://lh5.googleusercontent.com/-qn3wV4vzWyg/AAAAAAAAAAI/AAAAAAAAAAA/jE_61uoh-78/s512/photo.jpg
Basden Comfort Systems LLC,ChIJv7uQirbpO2ARefRGHHQ8cpA,logo,https://lh4.googleusercontent.com/-iVlS3CyPo4w/AAAAAAAAAAI/AAAAAAAAAAA/leTTzBNEr7I/s512/photo.jpg
Black Warrior Heating & Cooling LLC,ChIJKV9J9eG8KWQRM6X7W7oQank,logo,https://lh5.googleusercontent.com/-E_t-Tw35HmI/AAAAAAAAAAI/AAAAAAAAAAA/lti44OVMRKY/s512/photo.jpg
Bronte Service Co.,ChIJNQQTRc-niIgRXF2lYLRkRLA,logo,https://lh6.googleusercontent.com/-awcYfFi0k2E/AAAAAAAAAAI/AAAAAAAAAAA/uw1LOBwrgyU/s512/photo.jpg
C and A Service LLC,ChIJN4Y0q8HhLE0Rqg3hxU_KdMo,logo,https://lh5.googleusercontent.com/-uaZVAetmlDg/AAAAAAAAAAI/AAAAAAAAAAA/x4MBkWeL57E/s512/photo.jpg
CCD Service Plus,ChIJI1N6cENpmogRkOJxqKb6xeM,logo,https://lh6.googleusercontent.com/-a_jxUm31ytU/AAAAAAAAAAI/AAAAAAAAAAA/NbXhbA3rsAU/s512/photo.jpg
Circle L Heating & Cooling,ChIJ5URVsCx5kIgRFxtBvQYkOpk,logo,https://lh3.googleusercontent.com/-8OvSRSZFV6M/AAAAAAAAAAI/AAAAAAAAAAA/Q8hT4f9NJnU/s512/photo.jpg
Comfort Climate Service,ChIJ8z-OywQ-YogRhn1C1QFUjw0,logo,https://lh4.googleusercontent.com/-OMmU5uK4ViE/AAAAAAAAAAI/AAAAAAAAAAA/wPR_b9DWpQg/s512/photo.jpg
Country Mile Heating & Cooling,ChIJ-RLiGcxJfYgRuW3OSX3R11I,logo,https://lh6.googleusercontent.com/-2gSTssSHXJo/AAAAAAAAAAI/AAAAAAAAAAA/ljVVkWA69HM/s512/photo.jpg
FHL HVAC Services,ChIJN0LM_bYXm4gRpNsreH4okV0,logo,https://lh5.googleusercontent.com/-ty284wvQluo/AAAAAAAAAAI/AAAAAAAAAAA/iX9RiFkOIqs/s512/photo.jpg
Hansen Air Pros,ChIJh1mTVrUbm4gRiYbDHNils7M,logo,https://lh3.googleusercontent.com/-OMs4dP-h3Vc/AAAAAAAAAAI/AAAAAAAAAAA/xOsxqdUmWeE/s512/photo.jpg
Harrell's Heating & Cooling,ChIJb-a6yuL1jYgRbz7ETMmD10g,logo,https://lh6.googleusercontent.com/-gi2xhgdlMZQ/AAAAAAAAAAI/AAAAAAAAAAA/xp80nj-E62s/s512/photo.jpg
Innovate Heating and Air,ChIJL7lIwV8dhogRdFauZvtGkpY,logo,https://lh6.googleusercontent.com/-p89Osr8EtXQ/AAAAAAAAAAI/AAAAAAAAAAA/yyjCZw6mMcA/s512/photo.jpg
"Jordan Services, LLC",ChIJkV0Dbh-8iIgRZ3K4QjXYrwc,logo,https://lh3.googleusercontent.com/-7Jpi9GznF2s/AAAAAAAAAAI/AAAAAAAAAAA/Zf29YtLEnJw/s512/photo.jpg
Kindness Air,ChIJSbGUWKU3bIcRBP2_TNlWZwM,logo,https://lh3.googleusercontent.com/-9S3fsI1tZWQ/AAAAAAAAAAI/AAAAAAAAAAA/7yb5Gw0QA6M/s512/photo.jpg
Mako Heating and Air LLC.,ChIJ9wvjPLzxnYURQl_ttttscvA,logo,https://lh5.googleusercontent.com/-jUyjAr3OPHU/AAAAAAAAAAI/AAAAAAAAAAA/XsoZGGVk_lA/s512/photo.jpg
"Mendoza & Sons Heating & Air, LLC",ChIJhWu0imU_SqoRzeolWxs7RV4,logo,https://lh3.googleusercontent.com/-NwEfuj_UO9I/AAAAAAAAAAI/AAAAAAAAAAA/oTvS1UwPwOg/s512/photo.jpg
Northwest Refrigeration,ChIJF4E0HXWZYogRpmiMJFYm1aw,logo,https://lh5.googleusercontent.com/-DtLLauZhgqo/AAAAAAAAAAI/AAAAAAAAAAA/daZFPWtwm6U/s512/photo.jpg
Plain Air HVAC and Duct Cleaning,ChIJx3RKEONMlIURfmFh3UMncMs,logo,https://lh4.googleusercontent.com/-v1K2gw_Gjsg/AAAAAAAAAAI/AAAAAAAAAAA/83YGbY4HJPA/s512/photo.jpg
Priority Indoor Comfort,ChIJRYluOAPSjIgRWUdF_rSqPzE,logo,https://lh3.googleusercontent.com/-KImWcgZgu2Y/AAAAAAAAAAI/AAAAAAAAAAA/2YkQT7kvkx4/s512/photo.jpg
"Shoreline AC Solutions, LLC",ChIJpyK1HLwC3yIRTZxEMhH7on4,logo,https://lh3.googleusercontent.com/-3z5e-VVDek0/AAAAAAAAAAI/AAAAAAAAAAA/5fmQHkhGhGU/s512/photo.jpg
"Southern Touch Heating & Air, LLC",ChIJ1zvFMC7nIiERgxrdK6reSEU,logo,https://lh3.googleusercontent.com/-dqVperrBrdM/AAAAAAAAAAI/AAAAAAAAAAA/Hvf2jJvCBtM/s512/photo.jpg
Sunshine Heating & Air,ChIJZbYsyhwFmogR29-TrgSkfnI,logo,https://lh6.googleusercontent.com/-o5HDJ1Ym1Hw/AAAAAAAAAAI/AAAAAAAAAAA/zdBL1XcqZrA/s512/photo.jpg
The Air Doc,ChIJxftmyW544YUR_Lb0Y2ZowtQ,logo,https://lh5.googleusercontent.com/-AzRiOHopfP4/AAAAAAAAAAI/AAAAAAAAAAA/AG1vxTwkEIQ/s512/photo.jpg
Tidwell Air Systems LLC,ChIJhXo1Cr3VcaIRTJAgKo8blG4,logo,https://lh4.googleusercontent.com/-ajfEdvQ2Yy4/AAAAAAAAAAI/AAAAAAAAAAA/SrwPkUC1Ntc/s512/photo.jpg
"Wyatt Heating & Cooling, LLC",ChIJs7aC3IQBhogROIbNrBBfFoo,logo,https://lh4.googleusercontent.com/-RSvAPkjhHSw/AAAAAAAAAAI/AAAAAAAAAAA/o3ElpCPMh7U/s512/photo.jpg
Taylor Heating & Air,ChIJFWT9bbGp0ocR0P2lMem5Xc4,logo,https://lh6.googleusercontent.com/-qePf0DS0LMQ/AAAAAAAAAAI/AAAAAAAAAAA/bIr8QfH_OUM/s512/photo.jpg
Platinum Air,ChIJdcQyZcyfdEkRp-CL5sY-pQA,logo,https://lh4.googleusercontent.com/-z3BHVC6tEJM/AAAAAAAAAAI/AAAAAAAAAAA/d7Com4mxJJA/s512/photo.jpg
Heating and Air Conditioning,ChIJN3ddHc0OyYcRIHQeoDsH1XM,logo,https://lh6.googleusercontent.com/-iTzVftVCFjM/AAAAAAAAAAI/AAAAAAAAAAA/6tzxWIRxdNE/s512/photo.jpg
Kramer & Company Mechanical,ChIJNx25bjoEyYcR-yvRIpsTyeI,logo,https://lh5.googleusercontent.com/-DNOLAg4gVic/AAAAAAAAAAI/AAAAAAAAAAA/Qq-BLlO62Bg/s512/photo.jpg
DeltaCool LLC,ChIJ_7qCTGMp1IcR6bbWQQcet0k,logo,https://lh6.googleusercontent.com/-3z_UUISYJpE/AAAAAAAAAAI/AAAAAAAAAAA/pChbrgNaes8/s512/photo.jpg
Davis Pro Heat & Air LLC,ChIJBX8etqB71ocRW_dXAmZHGCU,logo,https://lh4.googleusercontent.com/-mD0YVpLri4M/AAAAAAAAAAI/AAAAAAAAAAA/X1bJyPBOQoI/s512/photo.jpg
Big Rock HVAC Services,ChIJX84stpdRzYcRuIzEZHbL10Q,logo,https://lh5.googleusercontent.com/-Jsh4Kgo6uz8/AAAAAAAAAAI/AAAAAAAAAAA/ex92xu9wYyI/s512/photo.jpg
McGhee HVAC,ChIJ_e84-KFXzYcRIqyFb6p0b0E,logo,https://lh4.googleusercontent.com/-lJF5Yd5CCC0/AAAAAAAAAAI/AAAAAAAAAAA/cJbwUWd3Q3c/s512/photo.jpg
Lyons HVAC and Plumbing,ChIJu52O4Z3l0ocRVOde-TanY7k,logo,https://lh5.googleusercontent.com/-5qrk5LYIA68/AAAAAAAAAAI/AAAAAAAAAAA/iu4IfTyX0YE/s512/photo.jpg
"Dean's Heating and Air Conditioning, Inc.",ChIJ6_DtdWdDMoYRvZFCRfxcMfU,logo,https://lh6.googleusercontent.com/-JSY6Q5_b_sE/AAAAAAAAAAI/AAAAAAAAAAA/o6vV30ZdDQM/s512/photo.jpg
Absolute Heat & Air LLC,ChIJwY5Nj4ITyYcRlIA3xtLOuIQ,logo,https://lh6.googleusercontent.com/-AQilN7W5aY0/AAAAAAAAAAI/AAAAAAAAAAA/SgHpJvg56KI/s512/photo.jpg
Turn Key Heating and Air,ChIJyTB-NvlJQIURRegDkVWwmHo,logo,https://lh5.googleusercontent.com/-mWPRFjULfM8/AAAAAAAAAAI/AAAAAAAAAAA/H5G4ri5NNOE/s512/photo.jpg
Arctic AirPro Care & Heat Llc,ChIJ0-NNZHVrzIcRXsNv8xOgTzk,logo,https://lh4.googleusercontent.com/-jqP4Y2c-wqo/AAAAAAAAAAI/AAAAAAAAAAA/akW8XvtIuIo/s512/photo.jpg
Jackson's Heating Air Conditioning,ChIJE5paaKprzIcRb5DNUJv3cEI,logo,https://lh3.googleusercontent.com/-tBj-3egVWQo/AAAAAAAAAAI/AAAAAAAAAAA/ABXMAjn7QGg/s512/photo.jpg
America Heating and Cooling,ChIJxThuOFiD0ocRQ9HxAFBBZY8,logo,https://lh3.googleusercontent.com/-pGapXZXLh1U/AAAAAAAAAAI/AAAAAAAAAAA/p-VhkG5Lkuk/s512/photo.jpg
Freyaldenhoven Heating and Cooling,ChIJt2e0QRiC0ocR89ykd_1-INo,logo,https://lh5.googleusercontent.com/-67xV6JMucOY/AAAAAAAAAAI/AAAAAAAAAAA/sxAtJTYVKiU/s512/photo.jpg
Massey Mechanical - Commercial & Residential Heat and Air,ChIJz6xxdyXFh24R7vNisWzoLCA,logo,https://lh5.googleusercontent.com/-txe8OonKyu8/AAAAAAAAAAI/AAAAAAAAAAA/Qrq6HWCwmr8/s512/photo.jpg
Top Notch Heating & Air,ChIJUQlmPoh9zYcRoa5T1CrBZsc,logo,https://lh3.googleusercontent.com/-F-wHmJSO7jY/AAAAAAAAAAI/AAAAAAAAAAA/OqzozH6dvD0/s512/photo.jpg
Custom Electric Inc,ChIJTVhUHUdWzIcRN-fqawcjq3s,logo,https://lh6.googleusercontent.com/-Tszf4Odlzb4/AAAAAAAAAAI/AAAAAAAAAAA/NQ3STptf1VU/s512/photo.jpg
Dison Service Company,ChIJbVMa4SwFMoYR2QpMJuTxUUA,logo,https://lh6.googleusercontent.com/-AALqMtxKlW4/AAAAAAAAAAI/AAAAAAAAAAA/nf7YiSLaeAE/s512/photo.jpg
Doe's Appliances Service Heat & Air,ChIJVVXlX5kQMoYRdM4W9KddMkw,logo,https://lh5.googleusercontent.com/-biXlXUb3Q1E/AAAAAAAAAAI/AAAAAAAAAAA/G8VWgODwHJU/s512/photo.jpg
Nutty by Nature Heating and Air,ChIJydlwfY8tyYcRLPeNtiF--ZQ,logo,https://lh5.googleusercontent.com/-_H3LWpmMDzk/AAAAAAAAAAI/AAAAAAAAAAA/jHm8LQObSHc/s512/photo.jpg
Farrar Heat & Air,ChIJ_x21zN17yYcRER37NwRe9iQ,logo,https://lh6.googleusercontent.com/-Spmj5zTzbmE/AAAAAAAAAAI/AAAAAAAAAAA/lpkqBwCqrXw/s512/photo.jpg
Air Fix,ChIJXxVHyV1vyYcRswt-bypP9Gk,logo,https://lh4.googleusercontent.com/-ZoQfxPRwG-4/AAAAAAAAAAI/AAAAAAAAAAA/q6s0vyVeCT0/s512/photo.jpg
Air of the Ozarks,ChIJZZbedNEHyYcRGhDk4OlA344,logo,https://lh5.googleusercontent.com/-zQbRNIh1DEM/AAAAAAAAAAI/AAAAAAAAAAA/QFXnJ_VZNL8/s512/photo.jpg
AirPro,ChIJ-4w95DhxyYcRUkuekF7t1Uo,logo,https://lh6.googleusercontent.com/-Oa0BvXX75tk/AAAAAAAAAAI/AAAAAAAAAAA/W9nYKrAUGNw/s512/photo.jpg
AirTech Heating & Air Conditioning,ChIJU7rTwThvyYcRDKQnRXNS_TQ,logo,https://lh3.googleusercontent.com/-3hT_qmLkyTM/AAAAAAAAAAI/AAAAAAAAAAA/GH9i_-ESO-k/s512/photo.jpg
Apex HVAC Services,ChIJ8y6J2ugXyYcR6A9PhxowEk0,logo,https://lh3.googleusercontent.com/-iOIrgZIkTvw/AAAAAAAAAAI/AAAAAAAAAAA/_hJbWJtEFzE/s512/photo.jpg
Cavanaugh HVAC,ChIJy5yvZ7qazW4RGr2y28NRF6o,logo,https://lh4.googleusercontent.com/-n6-ulQa7D_E/AAAAAAAAAAI/AAAAAAAAAAA/r1eNvduc7vc/s512/photo.jpg
Clarks Heating & Air LLC,ChIJqwXrBYJtyYcRlalwYfimb6Y,logo,https://lh3.googleusercontent.com/-EL5QE4MOjA8/AAAAAAAAAAI/AAAAAAAAAAA/mCL5wbmnY9o/s512/photo.jpg
Doyle's Heating & Cooling LLC,ChIJYwVwSDttyYcRc5M_f1Fh520,logo,https://lh4.googleusercontent.com/-nbpJ7DUqgWo/AAAAAAAAAAI/AAAAAAAAAAA/iP5SJLotYeU/s512/photo.jpg
Humble HVAC & Home Services,ChIJYw0WQ9WtZUkR9r9LlxdaAGc,logo,https://lh3.googleusercontent.com/-bLUms17-hsA/AAAAAAAAAAI/AAAAAAAAAAA/nh_X9aKiJdM/s512/photo.jpg
Mills Heat and Air NWA,ChIJXSmXAVXg_4IR6XVzj4QyQhI,logo,https://lh6.googleusercontent.com/-B8davR8M0ys/AAAAAAAAAAI/AAAAAAAAAAA/iepOfk55pGo/s512/photo.jpg
NWA/C and Heating,ChIJd1s6GaVi9wYRCQbZGsi_n8U,logo,https://lh5.googleusercontent.com/-Of1BQbpbFYM/AAAAAAAAAAI/AAAAAAAAAAA/qIv2JHTFll0/s512/photo.jpg
Neely Mechanical Services of NWA,ChIJ_XULpn1vyYcRj4bl9J4kBog,logo,https://lh3.googleusercontent.com/-v0I0at1q44o/AAAAAAAAAAI/AAAAAAAAAAA/IXJuO5scTw4/s512/photo.jpg
Ozark Mountain Air,ChIJyYSojYxlyYcRRQGIiA23ciE,logo,https://lh6.googleusercontent.com/-_uP8xWpK_Ko/AAAAAAAAAAI/AAAAAAAAAAA/x8Q-xoYe8t4/s512/photo.jpg
P&D HVAC,ChIJzbgfCE8RyYcRacWaukrd5AY,logo,https://lh6.googleusercontent.com/-KTuc9YfbC_g/AAAAAAAAAAI/AAAAAAAAAAA/7Q2t3xShx1g/s512/photo.jpg
Palmer HVAC,ChIJIwatyaZsyYcRC4RlWSA7hGs,logo,https://lh5.googleusercontent.com/-HU9A62fErLM/AAAAAAAAAAI/AAAAAAAAAAA/jkfpxwVLLJY/s512/photo.jpg
Parkers Heating & Air,ChIJhYBJrBhMSCwR1ix_cRkkU14,logo,https://lh4.googleusercontent.com/-MCn9QdYtcpM/AAAAAAAAAAI/AAAAAAAAAAA/byip9CxrxTo/s512/photo.jpg
Precise,ChIJZVrHoP0RyYcRbjM1YzA27rc,logo,https://lh4.googleusercontent.com/-mDWR3UAeFtg/AAAAAAAAAAI/AAAAAAAAAAA/9VLFEhYtElo/s512/photo.jpg
Precision Comfort Heating and Cooling,ChIJgfGRWOwcCooRBU8D-zMU3bk,logo,https://lh5.googleusercontent.com/-FBZ6Hz5TGKs/AAAAAAAAAAI/AAAAAAAAAAA/z8XFUkDH7is/s512/photo.jpg
Prestige Heating & Cooling,ChIJHQmARUFLi6MRTH5pnFVp6Os,logo,https://lh5.googleusercontent.com/-pjsyKJdwi_w/AAAAAAAAAAI/AAAAAAAAAAA/qwQAsQmOJ9U/s512/photo.jpg
Snowman Heating & Cooling LLC,ChIJ-SBTGi9wyYcRj8_f4T7g2nY,logo,https://lh6.googleusercontent.com/-FQg4pZDV8fw/AAAAAAAAAAI/AAAAAAAAAAA/VYQGVbqFapw/s512/photo.jpg
Your Heating & Air Guy,ChIJkwSFBdgcyYcRbwatawM9NBc,logo,https://lh6.googleusercontent.com/-weylHcLgl9A/AAAAAAAAAAI/AAAAAAAAAAA/77RdVfEl730/s512/photo.jpg
"J & K Heating and Air Vent, Inc",ChIJKz2nM0pNyocRl6f3MkAd8Ms,logo,https://lh5.googleusercontent.com/-eNi_9-YYUAA/AAAAAAAAAAI/AAAAAAAAAAA/lEuX59k73mQ/s512/photo.jpg
"Premier Heating, Air Conditioning, and Electrical",ChIJF5m5d9S3y4cRoaGY2TAGEcw,logo,https://lh3.googleusercontent.com/-9kQdqtoPYh8/AAAAAAAAAAI/AAAAAAAAAAA/SWgFGLAc4Lk/s512/photo.jpg
"Elite Mechanical Services, LLC",ChIJcw-uvDwONIYRBJ1DBm79TYE,logo,https://lh3.googleusercontent.com/-ltd2vvVfEKw/AAAAAAAAAAI/AAAAAAAAAAA/kVf98rxjHJk/s512/photo.jpg
Kester's Heating And Air,ChIJL9q23lEiyYcRTKf0XdHvdnY,logo,https://lh3.googleusercontent.com/-w0mWesOzYrs/AAAAAAAAAAI/AAAAAAAAAAA/MYjHZ9cthWg/s512/photo.jpg
"H&K Heating & Air, INC.",ChIJ7TPbb2ypyYcRWhv5hVJ1ZUU,logo,https://lh5.googleusercontent.com/-N6VGm2Ng434/AAAAAAAAAAI/AAAAAAAAAAA/ARQS9-w7K6E/s512/photo.jpg
"Wright Air Heating & Cooling Sales & Service, LLC.",ChIJ42b1Ocw31IcRV4yUHyU_5qo,logo,https://lh4.googleusercontent.com/-xqTFcoXA5_c/AAAAAAAAAAI/AAAAAAAAAAA/0wcBB24pync/s512/photo.jpg
Capaldi’s One Stop Heating & Cooling,ChIJ32b0anT1zocRPbZVhqZJJwE,logo,https://lh5.googleusercontent.com/-C9EdycNo7H8/AAAAAAAAAAI/AAAAAAAAAAA/PFcQ8KTiTDo/s512/photo.jpg
"Ozark Air Conditioning, Heating & Refrigeration",ChIJY-z0zOj0zocRXk0hnI1WOkc,logo,https://lh5.googleusercontent.com/-3M0NOIVM7Ck/AAAAAAAAAAI/AAAAAAAAAAA/sg0d0XkZUBE/s512/photo.jpg
Affordable Air,ChIJS2OdwyVB0ocR72CUteCnVgY,logo,https://lh3.googleusercontent.com/-Uo1An9aBRRk/AAAAAAAAAAI/AAAAAAAAAAA/4P_Hj-5vIk0/s512/photo.jpg
"All South AC, Heating & Refrigeration",ChIJSdzWkuItzYcRYsIXDjfCmc8,logo,https://lh3.googleusercontent.com/-jAXvIdKPrqk/AAAAAAAAAAI/AAAAAAAAAAA/PE6VIbCiMzA/s512/photo.jpg
"B&A Heating and Air Conditioning, Inc.",ChIJ_5nqTdXUzIcRvc4EyWhy1bc,logo,https://lh6.googleusercontent.com/-LfBNC9ztHZw/AAAAAAAAAAI/AAAAAAAAAAA/nUuZIRivxe4/s512/photo.jpg
McGrew Heating and Air Services Inc.,ChIJI73oeVQrzYcRHzpSWKPN01w,logo,https://lh4.googleusercontent.com/-L203B7ZA0fY/AAAAAAAAAAI/AAAAAAAAAAA/qlTTXnuyqSE/s512/photo.jpg
Steve Campbell Electric INC,ChIJyW3dc7nCtKQRm5Rm_O8RwrY,logo,https://lh5.googleusercontent.com/-zTFimbGRxhM/AAAAAAAAAAI/AAAAAAAAAAA/WNo3yJ3RYm8/s512/photo.jpg
Standridge Heating & Air Conditioning,ChIJr18vJlkozYcR6mUNXTupmY0,logo,https://lh3.googleusercontent.com/-tbRPc7q5oTc/AAAAAAAAAAI/AAAAAAAAAAA/jqmuXufGZQw/s512/photo.jpg
Trinity Air Conditioning and Refrigeration LLC,ChIJ0auj1Xf1kwAROh7bjJ0DSJA,logo,https://lh4.googleusercontent.com/-oadUZZnC8Ow/AAAAAAAAAAI/AAAAAAAAAAA/1dxawzt9Wac/s512/photo.jpg
"Canon Heating & Air,Inc.",ChIJ69OwpOXz0ocRSSb1T7ToyF8,logo,https://lh4.googleusercontent.com/-1RHc5wrSAig/AAAAAAAAAAI/AAAAAAAAAAA/yqzsh40mYLw/s512/photo.jpg
"Ellis HVAC, LLC",ChIJkY0oGAa90ocRs3FY2dSecpY,logo,https://lh5.googleusercontent.com/-gUHVxtQ9JoM/AAAAAAAAAAI/AAAAAAAAAAA/0iG8KMytyag/s512/photo.jpg
"Flowers Heating & Air Conditioning, Inc.",ChIJ75oqnI-V0ocR_nMGujv4XZ4,logo,https://lh4.googleusercontent.com/-ls0ltTgjCBY/AAAAAAAAAAI/AAAAAAAAAAA/2Mhe7x1v26c/s512/photo.jpg
Arkansas Air Heating & Air Conditioning,ChIJ82JLM4aC1ocRm0oQ1yvQTWc,logo,https://lh6.googleusercontent.com/-HMQ6kZMxD_I/AAAAAAAAAAI/AAAAAAAAAAA/FVC12bQaA0E/s512/photo.jpg
"Cullen's Heating, Cooling, and Refrigeration",ChIJr0BBFW8p1IcRB27nIRhb10o,logo,https://lh4.googleusercontent.com/-rebtxddAjaU/AAAAAAAAAAI/AAAAAAAAAAA/-z-cVZjivSs/s512/photo.jpg
"Elite Climate Control Heat and Air, LLC",ChIJuZFVXGop1IcRpnwywcwyHUk,logo,https://lh3.googleusercontent.com/-lI4wdPN2fhE/AAAAAAAAAAI/AAAAAAAAAAA/7q5-TiHXE18/s512/photo.jpg
RepairUSA Heating and Air Conditioning,ChIJF6CO7LMt1IcRrI3Ta1AZh4M,logo,https://lh3.googleusercontent.com/-FrzqXji7UsQ/AAAAAAAAAAI/AAAAAAAAAAA/0l4D6EMkph8/s512/photo.jpg
"Milligan Heating, A/C & Electrical LLC",ChIJj_MSjLXZ1YcRKVv0FA08AW4,logo,https://lh5.googleusercontent.com/-YlhZPgs0fb4/AAAAAAAAAAI/AAAAAAAAAAA/6nqbDmVR3Hc/s512/photo.jpg
AIRBOSS,ChIJqQZQe7TuZGkR8t4Etqe4mLc,logo,https://lh4.googleusercontent.com/-upBRoONnVSo/AAAAAAAAAAI/AAAAAAAAAAA/quv7ZK1M9Lc/s512/photo.jpg
AffordaBull Heat & Air,ChIJ_____5tTzIcRcJT6wZ9GZUY,logo,https://lh4.googleusercontent.com/-QpEeyuJQKho/AAAAAAAAAAI/AAAAAAAAAAA/-EM4KNrVjNI/s512/photo.jpg
All Heating and Air,ChIJjblPWjlLzYcRpL8FHuK6cxY,logo,https://lh6.googleusercontent.com/--eQgNTm5RCo/AAAAAAAAAAI/AAAAAAAAAAA/-fNCPhftl_c/s512/photo.jpg
Bain Heat and Air,ChIJa1619RZazYcR8cGGss2lYNc,logo,https://lh5.googleusercontent.com/-Km7R8_ZqXJs/AAAAAAAAAAI/AAAAAAAAAAA/oNtPvvBfGkw/s512/photo.jpg
"Climate Warriors HVAC, LLC",ChIJWz2g0ZoiXUwRI73144qoYpM,logo,https://lh5.googleusercontent.com/-BaNjaMRgdbc/AAAAAAAAAAI/AAAAAAAAAAA/hWgjTYP98Dk/s512/photo.jpg
Cool Guys Heating and Cooling,ChIJn-AwCb5022gR_ehWPXbZshw,logo,https://lh6.googleusercontent.com/-v3ELoXHOG8Q/AAAAAAAAAAI/AAAAAAAAAAA/skA79MCrP4w/s512/photo.jpg
Dependable Air Conditioning,ChIJl_iAtF9UzIcRl-RI9vz1-HU,logo,https://lh6.googleusercontent.com/-sc8hoFyYb6M/AAAAAAAAAAI/AAAAAAAAAAA/cbrS44vBUt4/s512/photo.jpg
EJG Southern HVAC/R,ChIJoZDfQAWx0ocRdKoDr1BZ1r8,logo,https://lh3.googleusercontent.com/-AKlT_1_IzvA/AAAAAAAAAAI/AAAAAAAAAAA/uHi3b8i1-gI/s512/photo.jpg
HRS HVAC & Refrigeration Service,ChIJw6kqH-ul0ocRr-XY3UAGEBc,logo,https://lh5.googleusercontent.com/-8Zs6cQMV1N8/AAAAAAAAAAI/AAAAAAAAAAA/cqgA0UnryjU/s512/photo.jpg
Home Energy Rx,ChIJzf4Fqyuh0ocRoHNfeu440XY,logo,https://lh5.googleusercontent.com/-uc1ecmjAI3A/AAAAAAAAAAI/AAAAAAAAAAA/2KDFZZK0mi0/s512/photo.jpg
Ladd Appliance & HVAC Repair,ChIJm8QO2FEwNIcRj32tJFAB7zI,logo,https://lh6.googleusercontent.com/-2wFnYfETpsA/AAAAAAAAAAI/AAAAAAAAAAA/oVLoPsEHSN0/s512/photo.jpg
MAC Mechanical Company,ChIJVVVls--j0ocR74KQud58g2U,logo,https://lh4.googleusercontent.com/-TjJ0mX-jINY/AAAAAAAAAAI/AAAAAAAAAAA/uEnopenIF5o/s512/photo.jpg
"Paschal Air, Plumbing & Electric",ChIJbSZnLLLv0ocRyq7BtnlYl-c,logo,https://lh6.googleusercontent.com/-1Pc88S6ZeNk/AAAAAAAAAAI/AAAAAAAAAAA/oIDemjzIPEA/s512/photo.jpg
Platinum Contracting,ChIJQZYm9B_l0ocRl7on6XttNMI,logo,https://lh3.googleusercontent.com/-2sLxN4dB-SQ/AAAAAAAAAAI/AAAAAAAAAAA/QX_6d2DJMLM/s512/photo.jpg
Red Hog Refrigeration Heat & Air,ChIJ1V_ku7LTMoYRezHtz_aKW4I,logo,https://lh3.googleusercontent.com/-o5BKKza6WTo/AAAAAAAAAAI/AAAAAAAAAAA/nFbG9OLugkg/s512/photo.jpg
Safe Ice,ChIJxQ5jWUeh0ocRfmxkIjsC0xQ,logo,https://lh6.googleusercontent.com/-v3K6SOdZyG0/AAAAAAAAAAI/AAAAAAAAAAA/vUeyZhCoiPA/s512/photo.jpg
Service Solutions,ChIJCZPuY-VTLYYRFOl9qaiamt8,logo,https://lh4.googleusercontent.com/-lRAni8lw3hM/AAAAAAAAAAI/AAAAAAAAAAA/_9-PmjLP6w8/s512/photo.jpg
Smart Comfort Inc.,ChIJjyj2voxQzYcRDvcTxHDEDG8,logo,https://lh4.googleusercontent.com/-NTRtHB_928A/AAAAAAAAAAI/AAAAAAAAAAA/wqYtGh5-7Os/s512/photo.jpg
"Superior Facility Services, LLC",ChIJr_Z4hsISyYcR9vkguiYsxsY,logo,https://lh3.googleusercontent.com/-pQEu4KtK77U/AAAAAAAAAAI/AAAAAAAAAAA/fcT1sL7e8V8/s512/photo.jpg
Westbrook Heating And Cooling LLC,ChIJob7fFS8QhUMR0S_h2hHsyKc,logo,https://lh6.googleusercontent.com/-hAmPt2c6Eso/AAAAAAAAAAI/AAAAAAAAAAA/GnD1oIeje-s/s512/photo.jpg
Jimmy Carver's Refrigeration Heating & Air,ChIJASYCNe3uNIYRWVq75sNW85Y,logo,https://lh4.googleusercontent.com/-mTCeEHC_c-Y/AAAAAAAAAAI/AAAAAAAAAAA/IvpYdYIygm8/s512/photo.jpg
"Valdez Heating and Cooling, LLC",ChIJT9JsWAUUyYcRS6NViH-Gm-A,logo,https://lh3.googleusercontent.com/-2s6XbMSGRno/AAAAAAAAAAI/AAAAAAAAAAA/w23taRFNGE0/s512/photo.jpg
"Innovative Heat and Air Solutions, Inc.",ChIJM39GmRqv0ocRs-KJwhsFrNo,logo,https://lh3.googleusercontent.com/-J9ckQebTS3k/AAAAAAAAAAI/AAAAAAAAAAA/s_ANKCFdBtA/s512/photo.jpg
Henry AC & Heating & Appliances,ChIJ3zH503fPM4YRp1i9WgGhLbg,logo,https://lh4.googleusercontent.com/-OerkMtJRjT0/AAAAAAAAAAI/AAAAAAAAAAA/IWZXR7pGHk0/s512/photo.jpg
A&B Heat and Air,ChIJCWWIkSS6aIIRQQD1fmRhBsg,logo,https://lh5.googleusercontent.com/-DxVpqkiBNEU/AAAAAAAAAAI/AAAAAAAAAAA/BEkgH7K_GyM/s512/photo.jpg
MHA May Heat and Air LLC,ChIJ0SwciGtuVSIRy5JpqoLreog,logo,https://lh4.googleusercontent.com/-YTTy8ZJp_qA/AAAAAAAAAAI/AAAAAAAAAAA/h2xsIMZZlDg/s512/photo.jpg
Integrity Heating & Air Conditioning Solutions,ChIJcxpypJYJzocRECuExhgO8vc,logo,https://lh4.googleusercontent.com/-4TfNkaSuG-M/AAAAAAAAAAI/AAAAAAAAAAA/cWwMHK4Cj6o/s512/photo.jpg
Goshorn Heating and Cooling,ChIJlfuEZumf0ocRWfU2UYjW-uc,logo,https://lh4.googleusercontent.com/-lL84jUUVrL4/AAAAAAAAAAI/AAAAAAAAAAA/Rma2xC0SeyQ/s512/photo.jpg
Izard County Heating and Cooling,ChIJcxN2RP6D0YcR9kAGtuXWjp8,logo,https://lh3.googleusercontent.com/-N6ujVsiNEio/AAAAAAAAAAI/AAAAAAAAAAA/GamVacGdmCU/s512/photo.jpg
Wright's Heating & Air Conditioning,ChIJV2PiCNIvy4cR--ofpIhNfAM,logo,https://lh3.googleusercontent.com/-aYRr_QZj6P4/AAAAAAAAAAI/AAAAAAAAAAA/zoFyftaoZWw/s512/photo.jpg
Arctic Heating and Cooling,ChIJJTomPfzc0YcR8ADVLQiwFiQ,logo,https://lh3.googleusercontent.com/-ERyeSTsOPzE/AAAAAAAAAAI/AAAAAAAAAAA/1rP9wbpNG0g/s512/photo.jpg
"Quality Refrigeration, INC.",ChIJ_bSnTOTY0YcR6STzadFHJA0,logo,https://lh4.googleusercontent.com/-j_AwPiN9v0c/AAAAAAAAAAI/AAAAAAAAAAA/CeL8mLbAO4Q/s512/photo.jpg
Weese Heating and Cooling,ChIJw_jpJISK0YcRK54YWDOsTwE,logo,https://lh4.googleusercontent.com/-m7ewr4ToIxM/AAAAAAAAAAI/AAAAAAAAAAA/NvRwNtnXGZo/s512/photo.jpg
"All American Heat & Air, Inc.",ChIJGc6UWACX0ocRHAtwVkKUCag,logo,https://lh5.googleusercontent.com/-BUoNr1roeyg/AAAAAAAAAAI/AAAAAAAAAAA/6L3CRdyjhfs/s512/photo.jpg
"America First Air Conditioning and Heating, Inc.",ChIJgXKjQjm90ocRn1O7-TKb1i8,logo,https://lh4.googleusercontent.com/-iEd2Btecy7Q/AAAAAAAAAAI/AAAAAAAAAAA/JCTjc1NEN9I/s512/photo.jpg
Central Arkansas Service Company,ChIJMSX8KBSh0ocRwAiNCnxXP-8,logo,https://lh4.googleusercontent.com/-lNKimjOEIVk/AAAAAAAAAAI/AAAAAAAAAAA/2vuvOpsa1l4/s512/photo.jpg
Diamond State Heat and Air,ChIJER4RpKuY0ocRMC2hbiDfyos,logo,https://lh6.googleusercontent.com/-UCxHolW-WSo/AAAAAAAAAAI/AAAAAAAAAAA/wdwr-U-7rrg/s512/photo.jpg
Infinity Services,ChIJQ9AkWra90ocRlqKfzZDRlTA,logo,https://lh4.googleusercontent.com/-a9PXw2Ej4J4/AAAAAAAAAAI/AAAAAAAAAAA/LybHQEZDCh4/s512/photo.jpg
One Call Service Group,ChIJSUIZkUm80ocR-V3mtTuPW98,logo,https://lh3.googleusercontent.com/-3snHutfHHMo/AAAAAAAAAAI/AAAAAAAAAAA/-4JkBb3-c0A/s512/photo.jpg
TAG Heat N Air,ChIJT18s6cGj0ocRgGfaT2iWwvg,logo,https://lh5.googleusercontent.com/-UVugnPNY8Ko/AAAAAAAAAAI/AAAAAAAAAAA/pAUAKWGYsEU/s512/photo.jpg
Mid-South Heat & Air,ChIJB-SmCwN91ocRDZkEqljH12c,logo,https://lh4.googleusercontent.com/-gaonPQBgZ7w/AAAAAAAAAAI/AAAAAAAAAAA/mOL-1n9tVNk/s512/photo.jpg
Walker Heating & Air,ChIJ-Ys2o7F71ocRl8B-S0c7JyM,logo,https://lh4.googleusercontent.com/-ncyrpNyB7i0/AAAAAAAAAAI/AAAAAAAAAAA/5wzUStrUgZM/s512/photo.jpg
Seark Heating and Air,ChIJ76GRPLs5LYYR7TayhAu0uOk,logo,https://lh5.googleusercontent.com/-EheBoMVWSF0/AAAAAAAAAAI/AAAAAAAAAAA/tDMmO1xgvOU/s512/photo.jpg
T and D HVAC Services,ChIJS3eqE80_LYYRVSWV2b2alDA,logo,https://lh5.googleusercontent.com/-7eA-w8AhrEo/AAAAAAAAAAI/AAAAAAAAAAA/guthqTmyDyU/s512/photo.jpg
HD Heating and Cooling,ChIJOSyKr120m4gRR8Ta8Eb7F4E,logo,https://lh6.googleusercontent.com/-7HJCk_ZjABE/AAAAAAAAAAI/AAAAAAAAAAA/eK1hG2yePIQ/s512/photo.jpg
It's HVAC,ChIJjW7gO3AXyYcROWnQ4ygZPUc,logo,https://lh4.googleusercontent.com/-dsCKmWCsw-o/AAAAAAAAAAI/AAAAAAAAAAA/urNcNPbqR80/s512/photo.jpg
"Pure Comfort Heating, Cooling & Electrical",ChIJrWip9K4ZyYcRPMygS-9ceaI,logo,https://lh3.googleusercontent.com/-d5m1Boz0rHU/AAAAAAAAAAI/AAAAAAAAAAA/tJeiSzO1jmE/s512/photo.jpg
"Roy's Heating & Cooling, Inc",ChIJDyiOphlTzIcRWe6a6gqYyGU,logo,https://lh6.googleusercontent.com/-yOeZkPtMPgQ/AAAAAAAAAAI/AAAAAAAAAAA/CBBvoOXWafk/s512/photo.jpg
Yates Heating & Air,ChIJx22cAVZTzIcRDb4qwsZX8uw,logo,https://lh4.googleusercontent.com/-tqEh4H0-LtM/AAAAAAAAAAI/AAAAAAAAAAA/DEQvyKgBfmA/s512/photo.jpg
Dodson Heat and Air,ChIJIc1nVLTjxw4RPdSXFBOtjjw,logo,https://lh4.googleusercontent.com/-bCjF861CO6Y/AAAAAAAAAAI/AAAAAAAAAAA/gKbtsSkYZqw/s512/photo.jpg
Mason Heat & Air,ChIJHV9y0J2p04cRBEkNQffXb9A,logo,https://lh5.googleusercontent.com/-oLGEz13tmuU/AAAAAAAAAAI/AAAAAAAAAAA/_chYfnB0YlE/s512/photo.jpg
Mohr Air Conditioning,ChIJ90ZTtp-p04cR4k0czE_8dm8,logo,https://lh6.googleusercontent.com/-s0hbVqTK5Bc/AAAAAAAAAAI/AAAAAAAAAAA/Hd-pUFdKlhQ/s512/photo.jpg
Noland Heat and Air,ChIJ1Y-qaFSt04cRh7oBoNlr9HE,logo,https://lh4.googleusercontent.com/-3UZQ1MutMoY/AAAAAAAAAAI/AAAAAAAAAAA/I9d5tY7lbtw/s512/photo.jpg
"Sisco Heat & Air, Inc.",ChIJ1zVgIzlXLYYRskjhnEJVfFA,logo,https://lh4.googleusercontent.com/-SyYYKPZ4vHU/AAAAAAAAAAI/AAAAAAAAAAA/feE1YiFXVH8/s512/photo.jpg
Larkin Mechanical Company,ChIJwXv_7ptznooR0Yx-DJcWASQ,logo,https://lh6.googleusercontent.com/-fjuI1a2IzQc/AAAAAAAAAAI/AAAAAAAAAAA/8ycKJayZCzY/s512/photo.jpg
Nick Robinson Heat & Air,ChIJ2errW7uZyYcRSRvyxryOJ94,logo,https://lh3.googleusercontent.com/-mb0Xkc-Je48/AAAAAAAAAAI/AAAAAAAAAAA/en3GCwAUR9A/s512/photo.jpg
"Masters of Disasters Leak Detection, Plumbing & Air",ChIJ___LVyUTyYcR6Q_BufA-b6U,logo,https://lh3.googleusercontent.com/-ytEACPOiSmc/AAAAAAAAAAI/AAAAAAAAAAA/n6xbaQjymt0/s512/photo.jpg
Stith Plumbing & HVAC,ChIJSyRQtbkUyYcRJlXYrLZQbHI,logo,https://lh6.googleusercontent.com/-ls42JB9Z2GA/AAAAAAAAAAI/AAAAAAAAAAA/_ylPLCIl6aA/s512/photo.jpg
TemperaturePro Northwest Arkansas,ChIJ9wFJLHJryYcREYrCvwkA4lY,logo,https://lh5.googleusercontent.com/-k72Udiqjco4/AAAAAAAAAAI/AAAAAAAAAAA/U180tpJrFd8/s512/photo.jpg
Unlimited Heating and Air LLC,ChIJ0zm6r88aY6oRZ5f9eEDV4G8,logo,https://lh4.googleusercontent.com/-hVmw6IP7ano/AAAAAAAAAAI/AAAAAAAAAAA/tREG8xBkM6c/s512/photo.jpg
"Victory Heating & Air Conditioning, Inc.",ChIJ5YTTm7UrW4YRD8fhwVT9WXU,logo,https://lh6.googleusercontent.com/-uymhn4QQRZU/AAAAAAAAAAI/AAAAAAAAAAA/yH2yWEmaHSs/s512/photo.jpg
Urban Mechanical,ChIJeWXMgyZqNIYRLDhq63xdSqM,logo,https://lh3.googleusercontent.com/-KtBc8HZ-IZQ/AAAAAAAAAAI/AAAAAAAAAAA/K6IewUeAdmk/s512/photo.jpg
Adams Heat and Air LLC,ChIJbxgHOlbP1YcR3ycT8yqNuaw,logo,https://lh3.googleusercontent.com/-3GYeCy5EYrk/AAAAAAAAAAI/AAAAAAAAAAA/oA5ZHmYAluM/s512/photo.jpg
Kent Heating & Air Services,ChIJeSwGOZzO1YcRmdZfguxsT44,logo,https://lh6.googleusercontent.com/-u6KeVRt30XQ/AAAAAAAAAAI/AAAAAAAAAAA/31Dch4oWuig/s512/photo.jpg
American Energy Guard Heating & Air,ChIJNXcqdA60y4cRd8wN0XLZABA,logo,https://lh6.googleusercontent.com/-yUOBDf3ZT4I/AAAAAAAAAAI/AAAAAAAAAAA/a4-2r9-9OXQ/s512/photo.jpg
Arctic Temp Refrigeration & HVAC,ChIJawxvLg-1y4cRkNLh3iT4EUY,logo,https://lh3.googleusercontent.com/-rvrPo-MYZB0/AAAAAAAAAAI/AAAAAAAAAAA/PJECThKb3QM/s512/photo.jpg
Riverside Comfort Care Heating & Air Conditioning,ChIJZQja7g61y4cRU11LRpItJXs,logo,https://lh3.googleusercontent.com/-WjMG-sPEElI/AAAAAAAAAAI/AAAAAAAAAAA/5TuBkCAPW4s/s512/photo.jpg
Tom's Heating & Air Conditioning,ChIJcywX76e1y4cRHbyUpfa89Qo,logo,https://lh4.googleusercontent.com/-FN_yZOlJkTQ/AAAAAAAAAAI/AAAAAAAAAAA/LADR5I4x5hU/s512/photo.jpg
Affordable Air Systems of Arkansas,ChIJM4txw-cTy4cRKY6RcvtLWpA,logo,https://lh5.googleusercontent.com/-9L6rA2c-IDw/AAAAAAAAAAI/AAAAAAAAAAA/bbzInfxlOko/s512/photo.jpg
Humes Heat & Air,ChIJs7NGrjmj1ocRvGJv7FxP08I,logo,https://lh3.googleusercontent.com/-U8btL2XB3qA/AAAAAAAAAAI/AAAAAAAAAAA/pqWtEydz5-w/s512/photo.jpg
Intek Heating + Air,ChIJy90DmVXi0ocRklWxGbnJAr0,logo,https://lh4.googleusercontent.com/-ii-P3hVNeL4/AAAAAAAAAAI/AAAAAAAAAAA/lwHzOHOyeig/s512/photo.jpg
"Delk Air, Inc.",ChIJSz7aDVfU1IcRu4vDkSSpl-o,logo,https://lh6.googleusercontent.com/-9qU2hJ8N_qs/AAAAAAAAAAI/AAAAAAAAAAA/LlbmUYlkwP0/s512/photo.jpg
"Advantage Heating And Air Conditioning, LLC",ChIJzSddXmNY1IcRJl4w6iB2Ejk,logo,https://lh6.googleusercontent.com/-aoJV73aVXv8/AAAAAAAAAAI/AAAAAAAAAAA/3M58yY7-la4/s512/photo.jpg
5 Star Heating & Cooling Solutions,ChIJRZDgUL9RzIcRYqBR06R7nUI,logo,https://lh4.googleusercontent.com/-5eu9bOdTUVk/AAAAAAAAAAI/AAAAAAAAAAA/noa8g-hn8JM/s512/photo.jpg
"A & A Heating And Air, LLC",ChIJP6Eg8U8aiCARJau2bGKNCas,logo,https://lh4.googleusercontent.com/-_2i62NG-tfE/AAAAAAAAAAI/AAAAAAAAAAA/OUp3BiPxn8k/s512/photo.jpg
A/C Services and Mechanical,ChIJC7hsq1Mb04cRjxP7UZmajh8,logo,https://lh3.googleusercontent.com/-4Cye862tSrg/AAAAAAAAAAI/AAAAAAAAAAA/fJa7JZIEBiI/s512/photo.jpg
Air Pro Services,ChIJWeBMY8dvNIYRjiOEC-V-YJU,logo,https://lh3.googleusercontent.com/-2NX79BEcfBw/AAAAAAAAAAI/AAAAAAAAAAA/A1Bq9QXF1J4/s512/photo.jpg
AllTemp Heating and Cooling,ChIJD8OXxVmuXgARqaA6ndvsIN8,logo,https://lh4.googleusercontent.com/-lMBKr3yHRHk/AAAAAAAAAAI/AAAAAAAAAAA/l51t6tGtisE/s512/photo.jpg
Anderson's Heat & Air,ChIJKxVnjrL104cRVqItBfPb7lU,logo,https://lh3.googleusercontent.com/-Wx133C53ngw/AAAAAAAAAAI/AAAAAAAAAAA/gwfXyWsEQuM/s512/photo.jpg
"Arnold Heating and Air, Inc.",ChIJqYz9NZ5_0ocRv-3fyBu6TWw,logo,https://lh6.googleusercontent.com/-owcvQMIcqAI/AAAAAAAAAAI/AAAAAAAAAAA/GWpeVia-uWc/s512/photo.jpg
Atlanta Air Heating & Air Conditioning,ChIJi6h1EeglNIYRLHbLh6dL7dM,logo,https://lh4.googleusercontent.com/-XmZgfOKAnhM/AAAAAAAAAAI/AAAAAAAAAAA/nihEUZZ6Uyk/s512/photo.jpg
B. Dumont Heating & Air LLC,ChIJDzlClVajzYcRt9_NgA6MF34,logo,https://lh6.googleusercontent.com/-zdYTV_fRUNI/AAAAAAAAAAI/AAAAAAAAAAA/06USJAya1p4/s512/photo.jpg
Bohannan Heating & Air,ChIJ31NLcNwHyQMRG6iBk0LMhBc,logo,https://lh4.googleusercontent.com/-HTOI0aNOUsM/AAAAAAAAAAI/AAAAAAAAAAA/n-mqR1JljEA/s512/photo.jpg
HVAC Doctors Heating and Air Specialist,ChIJSzGAFH5hyYcR_LKHR713Mrs,logo,https://lh4.googleusercontent.com/--rxss-rNnEo/AAAAAAAAAAI/AAAAAAAAAAA/YOZVxdydZ-Q/s512/photo.jpg
"Heaven Air HVAC, LLC",ChIJMaqy_HtDzIcR8-aM_14n8Oo,logo,https://lh4.googleusercontent.com/-TivMbaD6Lag/AAAAAAAAAAI/AAAAAAAAAAA/zoz8ESB5aRU/s512/photo.jpg
Hot or Not Heating and Cooling NWA,ChIJFYOszC_bZkERRykU7eQRiPM,logo,https://lh6.googleusercontent.com/-N5W-KsDcSf0/AAAAAAAAAAI/AAAAAAAAAAA/ydw2DKGGwPg/s512/photo.jpg
Hunt Heat & Air Services LLC,ChIJ3Wc-4TjiskYRSwbdilNmOko,logo,https://lh4.googleusercontent.com/-RPtazCWY57w/AAAAAAAAAAI/AAAAAAAAAAA/3RZyThgHPPI/s512/photo.jpg
J Mechanical Contractors llc,ChIJU5860MO5rgwRstQx9tGONjk,logo,https://lh3.googleusercontent.com/-IjS0wnWnoLA/AAAAAAAAAAI/AAAAAAAAAAA/0BGZlUJ2_Co/s512/photo.jpg
Jennings Heating & Cooling,ChIJwUfgnChZ5o4R3EnVA6VbLP0,logo,https://lh3.googleusercontent.com/-qnrGW_eYHCU/AAAAAAAAAAI/AAAAAAAAAAA/GjDnxwMxmGM/s512/photo.jpg
Luyet heating and cooling,ChIJ47rsuOjgSwcRQz7AvRRIkTI,logo,https://lh3.googleusercontent.com/-MYFobX3DpjU/AAAAAAAAAAI/AAAAAAAAAAA/0D5uHTd79Cg/s512/photo.jpg
"Manning's HVAC & Repairs, LLC",ChIJSchrH2F91YcR6mlleeGHamI,logo,https://lh6.googleusercontent.com/-i5yqfbWs5K4/AAAAAAAAAAI/AAAAAAAAAAA/Wm347hJOqlw/s512/photo.jpg
"McB's Plumbing, Heating & Air LLC",ChIJi3jp_3TxUaURcsbYGZdf_cs,logo,https://lh3.googleusercontent.com/-xBjGYZgrg2w/AAAAAAAAAAI/AAAAAAAAAAA/f7JSGag1eY0/s512/photo.jpg
McLemore Heating and Cooling LLC,ChIJU6TwYl8HwogRv5uvSd0zEqk,logo,https://lh4.googleusercontent.com/-cCoaLyZm6no/AAAAAAAAAAI/AAAAAAAAAAA/0q9TU3FmW4c/s512/photo.jpg
Meticulous Mechanical PLLC,ChIJQVBmvnjtzocRQz1R1RKeWH4,logo,https://lh5.googleusercontent.com/-FWTcy_vn0m0/AAAAAAAAAAI/AAAAAAAAAAA/bMeynFfXJGg/s512/photo.jpg
Moore Affordable Heat & Air,ChIJqzPHbmdcgYcRiZHdeRRdm-g,logo,https://lh6.googleusercontent.com/-tTfGEaqXuxA/AAAAAAAAAAI/AAAAAAAAAAA/xsNqociqqgw/s512/photo.jpg
Murphree Heating & Air LLC,ChIJg7EtOgHlrWsRH9v_49x6Odw,logo,https://lh6.googleusercontent.com/-dvEOPdQ4gOY/AAAAAAAAAAI/AAAAAAAAAAA/kzaxdICdJ9w/s512/photo.jpg
Northeast Arkansas Heating & Cooling,ChIJlZXUNft81ocRab9DqGHkNdw,logo,https://lh6.googleusercontent.com/-Ln4eibNxhUs/AAAAAAAAAAI/AAAAAAAAAAA/anrsRMEVme8/s512/photo.jpg
"Red Beards Heat, Air & Refrigeration",ChIJq9hFSg4R8AsR_c-XF5iVsnY,logo,https://lh4.googleusercontent.com/-gHWSX3oZmWw/AAAAAAAAAAI/AAAAAAAAAAA/cbnmvZ6eqtk/s512/photo.jpg
Richards Heating & Air,ChIJQZNzciROlgER3eiR91gl_i4,logo,https://lh3.googleusercontent.com/-NmkP41DJ0js/AAAAAAAAAAI/AAAAAAAAAAA/ElwBf0E3AgI/s512/photo.jpg
Simpson HVAC,ChIJwSTGZoju5mcRLIldHqOxiPo,logo,https://lh4.googleusercontent.com/-EJWbj9P61z0/AAAAAAAAAAI/AAAAAAAAAAA/HTxkAX2VFMg/s512/photo.jpg
Stevenson Heating & Air Conditioning,ChIJ--NRWm5_0ocRIJuiYqsYvIs,logo,https://lh6.googleusercontent.com/-XByz7OgBtjY/AAAAAAAAAAI/AAAAAAAAAAA/uzKSOODRzDY/s512/photo.jpg
Temp Pro HVAC,ChIJE-aOsb3104cRdh5cKoM5KVs,logo,https://lh5.googleusercontent.com/-vkVcf0hcRjM/AAAAAAAAAAI/AAAAAAAAAAA/9jUPmtL9cc8/s512/photo.jpg
TempDoctor LLC,ChIJCbR3cCXlJCYRqbE5jn2hHAE,logo,https://lh3.googleusercontent.com/-CsehOzZNl90/AAAAAAAAAAI/AAAAAAAAAAA/t45kW45ttNg/s512/photo.jpg
"Tounsand Heating And Cooling, LLC",ChIJPUHlqFCB1ocRMV-mNP_B0s8,logo,https://lh6.googleusercontent.com/-D30melc8lfg/AAAAAAAAAAI/AAAAAAAAAAA/3dcaVZKFAcQ/s512/photo.jpg
Weaver's Total Comfort Heating & Air,ChIJC11RPCy9LkkRWW8WQ3MAXJ0,logo,https://lh6.googleusercontent.com/-FdjiPmAXlsU/AAAAAAAAAAI/AAAAAAAAAAA/9nOuGsyP85E/s512/photo.jpg
White County Heating-Air Conditioning,ChIJF0KKs9_10ocRhM8Gh98t-Sw,logo,https://lh5.googleusercontent.com/-34JSyAQ2CSg/AAAAAAAAAAI/AAAAAAAAAAA/Jd4GkRYZ9Xw/s512/photo.jpg