review_id,reviewer_name,rating,review_text,published_at,reviewer_photo,response_text,response_date,review_url
ChdDSUhNMG9nS0VJQ0FnSUNubEtDUXZnRRAB,,5,,2024-09-23T03:57:18.493Z,https://lh3.googleusercontent.com/a/ACg8ocJLWBJwpL24qubs7sqF61CzylLmqkEuo6U3sVIHz9yNZhF09A=s1920-c-rp-mo-ba3-br100,,,https://www.google.com/maps/reviews/data=!4m8!14m7!1m6!2m5!1sChdDSUhNMG9nS0VJQ0FnSUNubEtDUXZnRRAB!2m1!1s0x0:0xcd13c8eb1d10db4a!3m1!1s2@1:CIHM0ogKEICAgICnlKCQvgE%7CCgwIns7DtwYQ-JqX6wE%7C?hl=en
ChZDSUhNMG9nS0VJQ0FnSUMxa05lZkRREAE,,5,,2023-12-20T18:27:11.389Z,https://lh3.googleusercontent.com/a/ACg8ocLxbNnG3XfTnUIaDoWOr6OULjtiKIWZGDiQlbix-C_YCqUKkw=s1920-c-rp-mo-br100,,,https://www.google.com/maps/reviews/data=!4m8!14m7!1m6!2m5!1sChZDSUhNMG9nS0VJQ0FnSUMxa05lZkRREAE!2m1!1s0x0:0xcd13c8eb1d10db4a!3m1!1s2@1:CIHM0ogKEICAgIC1kNefDQ%7CCgwI_-OMrAYQ4LnSuQE%7C?hl=en
ChZDSUhNMG9nS0VJQ0FnSUNwNU1qS0NREAE,,3,,2023-08-01T15:05:50.791Z,https://lh3.googleusercontent.com/a/ACg8ocLqMzik_xfOkWlcIQPVzrrIpf_GVTmwbwJEBlleonfA3L-V0g=s1920-c-rp-mo-br100,,,https://www.google.com/maps/reviews/data=!4m8!14m7!1m6!2m5!1sChZDSUhNMG9nS0VJQ0FnSUNwNU1qS0NREAE!2m1!1s0x0:0xcd13c8eb1d10db4a!3m1!1s2@1:CIHM0ogKEICAgICp5MjKCQ%7CCgwIzr6kpgYQgNiw-QI%7C?hl=en
ChZDSUhNMG9nS0VJQ0FnSUR4NnFpcUVnEAE,,5,,2023-06-06T06:06:53.831Z,https://lh3.googleusercontent.com/a/ACg8ocKElJ8hsd-5CxCaX5VrsqmhIAM-N0HzbP02pRsDwNc4Cqq8=s1920-c-rp-mo-ba3-br100,,,https://www.google.com/maps/reviews/data=!4m8!14m7!1m6!2m5!1sChZDSUhNMG9nS0VJQ0FnSUR4NnFpcUVnEAE!2m1!1s0x0:0xcd13c8eb1d10db4a!3m1!1s2@1:CIHM0ogKEICAgIDx6qiqEg%7CCgwI_Zn7owYQuOTOjAM%7C?hl=en
ChdDSUhNMG9nS0VJQ0FnSUQtM3VDaGpRRRAB,,5,,2022-11-30T16:23:45.734Z,https://lh3.googleusercontent.com/a/ACg8ocIEOCmzSmGlIPh6bQn3BW0MGBVD0L4IqgA0NfPeaPzqqnFwDg=s1920-c-rp-mo-ba4-br100,,,https://www.google.com/maps/reviews/data=!4m8!14m7!1m6!2m5!1sChdDSUhNMG9nS0VJQ0FnSUQtM3VDaGpRRRAB!2m1!1s0x0:0xcd13c8eb1d10db4a!3m1!1s2@1:CIHM0ogKEICAgID-3uChjQE%7CCgwIkYeenAYQqK2A3gI%7C?hl=en
ChdDSUhNMG9nS0VJQ0FnSUMtNXZINTl3RRAB,,1,,2022-11-03T00:41:53.167Z,https://lh3.googleusercontent.com/a/ACg8ocJH2ffQgx0pABJMue3fwSpsa88u6rwYCnjHPr2rcC5cPbWAuw=s1920-c-rp-mo-br100,,,https://www.google.com/maps/reviews/data=!4m8!14m7!1m6!2m5!1sChdDSUhNMG9nS0VJQ0FnSUMtNXZINTl3RRAB!2m1!1s0x0:0xcd13c8eb1d10db4a!3m1!1s2@1:CIHM0ogKEICAgIC-5vH59wE%7CCgsI0ZyMmwYQ8Of3Tw%7C?hl=en
ChZDSUhNMG9nS0VJQ0FnSURPbmNpU1pREAE,,1,,2022-07-11T21:40:07.173Z,https://lh3.googleusercontent.com/a/ACg8ocLR37R80aqoj14eLRQDnsBTDkFOdfax_fNs578mrzjSS_W8CA=s1920-c-rp-mo-br100,,,https://www.google.com/maps/reviews/data=!4m8!14m7!1m6!2m5!1sChZDSUhNMG9nS0VJQ0FnSURPbmNpU1pREAE!2m1!1s0x0:0xcd13c8eb1d10db4a!3m1!1s2@1:CIHM0ogKEICAgIDOnciSZQ%7CCgsIt7GylgYQ4LTlUg%7C?hl=en
ChZDSUhNMG9nS0VJQ0FnSUNPN3VUdFNnEAE,,1,,2022-06-10T14:19:18.587Z,https://lh3.googleusercontent.com/a/ACg8ocJr5zNaTMIEt4lYpcooD1mCNogfOQ_R2nEXYto4lrI6aAHzLA=s1920-c-rp-mo-ba3-br100,,,https://www.google.com/maps/reviews/data=!4m8!14m7!1m6!2m5!1sChZDSUhNMG9nS0VJQ0FnSUNPN3VUdFNnEAE!2m1!1s0x0:0xcd13c8eb1d10db4a!3m1!1s2@1:CIHM0ogKEICAgICO7uTtSg%7CCgwI5qWNlQYQoK6emAI%7C?hl=en
ChZDSUhNMG9nS0VJQ0FnSURxd3BDOWRREAE,,5,,2021-07-02T17:16:40.419Z,https://lh3.googleusercontent.com/a-/ALV-UjW02B0p931Izqz6edYU4lfhUMXzIiX9lDCAPFAFariowbHDflv8=s1920-c-rp-mo-br100,,,https://www.google.com/maps/reviews/data=!4m8!14m7!1m6!2m5!1sChZDSUhNMG9nS0VJQ0FnSURxd3BDOWRREAE!2m1!1s0x0:0xcd13c8eb1d10db4a!3m1!1s2@1:CIHM0ogKEICAgIDqwpC9dQ%7CCgwI-JP9hgYQ4NScyAE%7C?hl=en
ChdDSUhNMG9nS0VJQ0FnSUNxM0liOGh3RRAB,,5,,2021-05-30T15:22:21.278Z,https://lh3.googleusercontent.com/a/ACg8ocKqlfvUULjYaoovdUhNJ9A57h3yK8Rgu6wFFuFph1fvnyi92w=s1920-c-rp-mo-ba3-br100,,,https://www.google.com/maps/reviews/data=!4m8!14m7!1m6!2m5!1sChdDSUhNMG9nS0VJQ0FnSUNxM0liOGh3RRAB!2m1!1s0x0:0xcd13c8eb1d10db4a!3m1!1s2@1:CIHM0ogKEICAgICq3Ib8hwE%7CCgwIrdvOhQYQ8KvphAE%7C?hl=en
ChdDSUhNMG9nS0VJQ0FnSUNxaEttcmhnRRAB,,5,,2021-05-27T03:06:57.816Z,https://lh3.googleusercontent.com/a/ACg8ocIorPc4heMZlIKqrs5ltmPtyThWffrhJT8N7zRFM2p2Iwp9-Q=s1920-c-rp-mo-br100,,,https://www.google.com/maps/reviews/data=!4m8!14m7!1m6!2m5!1sChdDSUhNMG9nS0VJQ0FnSUNxaEttcmhnRRAB!2m1!1s0x0:0xcd13c8eb1d10db4a!3m1!1s2@1:CIHM0ogKEICAgICqhKmrhgE%7CCgwI0Zm8hQYQwNGjhQM%7C?hl=en
ChZDSUhNMG9nS0VJQ0FnSURBemJUN0p3EAE,,2,,2021-05-04T11:53:31.000Z,https://lh3.googleusercontent.com/a-/ALV-UjWYb7k9qIzyy3FnNZqJqalsf2xmlE_4BxQBzEAC-qTQoyX1379t=s1920-c-rp-mo-br100,,,https://www.google.com/maps/reviews/data=!4m8!14m7!1m6!2m5!1sChZDSUhNMG9nS0VJQ0FnSURBemJUN0p3EAE!2m1!1s0x0:0xcd13c8eb1d10db4a!3m1!1s2@1:CIHM0ogKEICAgIDAzbT7Jw%7CCgoIu-vEhAYQyOIB%7C?hl=en
ChZDSUhNMG9nS0VJQ0FnSUNjNzh6NVNnEAE,,5,,2020-05-04T00:45:36.290Z,https://lh3.googleusercontent.com/a-/ALV-UjWapohwHJupZumqRzaszvnNT5XxO0-bbr2Ksq3fnbrSapOgYcy7=s1920-c-rp-mo-br100,,,https://www.google.com/maps/reviews/data=!4m8!14m7!1m6!2m5!1sChZDSUhNMG9nS0VJQ0FnSUNjNzh6NVNnEAE!2m1!1s0x0:0xcd13c8eb1d10db4a!3m1!1s2@1:CIHM0ogKEICAgICc78z5Sg%7CCgwIsMu99QUQ0PizigE%7C?hl=en
ChZDSUhNMG9nS0VJQ0FnSUNjbThHaUN3EAE,,3,,2020-04-13T17:00:30.412Z,https://lh3.googleusercontent.com/a/ACg8ocJ8dSkpFGcm5m0GOMf8gtxMTCddl2SbwwmyrHO23qDZUdNb_w=s1920-c-rp-mo-br100,,,https://www.google.com/maps/reviews/data=!4m8!14m7!1m6!2m5!1sChZDSUhNMG9nS0VJQ0FnSUNjbThHaUN3EAE!2m1!1s0x0:0xcd13c8eb1d10db4a!3m1!1s2@1:CIHM0ogKEICAgICcm8GiCw%7CCgwIrrXS9AUQqLbUxAE%7C?hl=en
ChdDSUhNMG9nS0VJQ0FnSURzM05lYTFBRRAB,,5,,2020-02-26T19:26:00.410Z,https://lh3.googleusercontent.com/a-/ALV-UjWFo5Hi_enu-MZUaNJbEvqyvw04P-R4puA69UB72UK439EeK3Cc=s1920-c-rp-mo-ba4-br100,,,https://www.google.com/maps/reviews/data=!4m8!14m7!1m6!2m5!1sChdDSUhNMG9nS0VJQ0FnSURzM05lYTFBRRAB!2m1!1s0x0:0xcd13c8eb1d10db4a!3m1!1s2@1:CIHM0ogKEICAgIDs3Nea1AE%7CCgwIyIzb8gUQyIvGwwE%7C?hl=en
ChdDSUhNMG9nS0VJQ0FnSUNNeS12bDlRRRAB,,5,,2019-12-06T00:30:17.169Z,https://lh3.googleusercontent.com/a-/ALV-UjWlAC3BqoMH8hXukG0XKZ9DrW8gW2fRHNSEjTUm8o1V7jwXCmXQ5w=s1920-c-rp-mo-ba3-br100,,,https://www.google.com/maps/reviews/data=!4m8!14m7!1m6!2m5!1sChdDSUhNMG9nS0VJQ0FnSUNNeS12bDlRRRAB!2m1!1s0x0:0xcd13c8eb1d10db4a!3m1!1s2@1:CIHM0ogKEICAgICMy-vl9QE%7CCgsImcKm7wUQ-PTTUA%7C?hl=en
ChdDSUhNMG9nS0VJQ0FnSUM0cHRQNG1BRRAB,,5,,2019-06-05T18:09:20.905Z,https://lh3.googleusercontent.com/a/ACg8ocIGB6SyRicWGvop94PmdqI1K_Nvfdzlm7slevMn537GWVKVHw=s1920-c-rp-mo-br100,,,https://www.google.com/maps/reviews/data=!4m8!14m7!1m6!2m5!1sChdDSUhNMG9nS0VJQ0FnSUM0cHRQNG1BRRAB!2m1!1s0x0:0xcd13c8eb1d10db4a!3m1!1s2@1:CIHM0ogKEICAgIC4ptP4mAE%7CCgwI0Irg5wUQsN2BsAM%7C?hl=en
ChdDSUhNMG9nS0VJQ0FnSURZXzlieDB3RRAB,,1,,2019-05-29T13:51:50.097Z,https://lh3.googleusercontent.com/a/ACg8ocKbB8BFLaVBaeTWssUPgxHrCqn7zyaZNbIqwFkHzW03aZjk=s1920-c-rp-mo-br100,,,https://www.google.com/maps/reviews/data=!4m8!14m7!1m6!2m5!1sChdDSUhNMG9nS0VJQ0FnSURZXzlieDB3RRAB!2m1!1s0x0:0xcd13c8eb1d10db4a!3m1!1s2@1:CIHM0ogKEICAgIDY_9bx0wE%7CCgsI9py65wUQ8OizLg%7C?hl=en
ChZDSUhNMG9nS0VJQ0FnSURvOUxIaGVREAE,,5,,2019-03-13T20:13:03.421Z,https://lh3.googleusercontent.com/a-/ALV-UjXG64e2PZcKlz3ICGb6bCyH7JexOgIdLk-_WuUAl5luCync2Ieg=s1920-c-rp-mo-ba3-br100,,,https://www.google.com/maps/reviews/data=!4m8!14m7!1m6!2m5!1sChZDSUhNMG9nS0VJQ0FnSURvOUxIaGVREAE!2m1!1s0x0:0xcd13c8eb1d10db4a!3m1!1s2@1:CIHM0ogKEICAgIDo9LHheQ%7CCgwIz8il5AUQ8LqSyQE%7C?hl=en
ChdDSUhNMG9nS0VJQ0FnSURRcTlUTy1nRRAB,,5,,2018-08-03T14:54:57.769Z,https://lh3.googleusercontent.com/a/ACg8ocLg1ngSGf_g36i2W5uDxpn7cmBmLo1RIB7GBGAZYVx-RIEZ8g=s1920-c-rp-mo-ba5-br100,,,https://www.google.com/maps/reviews/data=!4m8!14m7!1m6!2m5!1sChdDSUhNMG9nS0VJQ0FnSURRcTlUTy1nRRAB!2m1!1s0x0:0xcd13c8eb1d10db4a!3m1!1s2@1:CIHM0ogKEICAgIDQq9TO-gE%7CCgwIwdmR2wUQwITY7gI%7C?hl=en
